ab,bb,hr,pos,rank,avg,id,name,k,r,games,rbi,team,sb,slg,obp
595,95,27,OF,1,.303,3280,Mike Trout,143,118,,87,LAA,39,.531,.402
595,85,44,3B,2,.328,897,Miguel Cabrera,99,103,,127,Det,3,.608,.413
587,78,30,OF,3,.315,1643,Andrew McCutchen,110,102,,93,Pit,24,.549,.400
603,92,34,1B,4,.299,3486,Paul Goldschmidt,152,102,,117,Ari,16,.544,.391
540,58,33,OF,5,.300,1600,Carlos Gonzalez,142,88,,88,Col,24,.565,.369
586,61,47,1B,6,.282,1981,Chris Davis,196,98,,127,Bal,3,.592,.355
604,50,18,OF,7,.288,1579,Jacoby Ellsbury,94,96,,63,NYY,45,.444,.346
566,83,37,"1B, DH",8,.297,969,Edwin Encarnacion,78,97,,110,Tor,10,.549,.389
620,60,23,2B,9,.315,1139,Robinson Cano,94,97,,104,Sea,7,.498,.379
630,43,35,3B,10,.314,386,Adrian Beltre,79,92,,102,Tex,1,.540,.361
635,28,32,OF,11,.287,1418,Adam Jones,127,95,,98,Bal,14,.501,.324
480,45,25,SS,12,.300,1130,Hanley Ramirez,92,83,,84,LAD,19,.531,.365
613,83,35,1B,13,.300,978,Prince Fielder,111,89,,113,Tex,1,.532,.390
578,61,30,OF,14,.273,1659,Ryan Braun,132,89,,98,Mil,18,.503,.347
532,66,31,SS,15,.305,1452,Troy Tulowitzki,91,86,,97,Col,5,.543,.383
542,35,23,OF,16,.260,1697,Carlos Gomez,145,87,,68,Mil,36,.470,.314
562,72,18,2B,17,.272,3466,Jason Kipnis,130,88,,83,Cle,27,.438,.354
554,74,22,3B,18,.303,1044,David Wright,107,88,,85,NYM,18,.502,.388
559,127,24,1B,19,.327,1612,Joey Votto,127,99,,77,Cin,7,.528,.452
545,69,28,OF,20,.288,3390,Bryce Harper,121,88,,80,Wsh,16,.521,.370
634,70,16,2B,21,.295,1271,Dustin Pedroia,73,98,,76,Bos,18,.443,.364
595,39,23,SS,22,.272,2215,Ian Desmond,138,79,,83,Wsh,24,.459,.319
594,74,36,3B,23,.274,1581,Evan Longoria,144,94,,106,TB,3,.527,.355
560,55,26,OF,24,.288,5068,Yasiel Puig,143,88,,76,LAD,17,.498,.363
609,33,18,OF,25,.273,954,Alex Rios,98,83,,77,Tex,30,.442,.312
572,50,12,SS,26,.297,850,Jose Reyes,57,85,,51,Tor,31,.439,.352
614,59,17,2B,27,.275,1132,Ian Kinsler,71,97,,74,Det,21,.433,.344
576,69,24,1B,28,.302,2487,Freddie Freeman,131,97,,105,Atl,3,.490,.381
508,79,39,OF,29,.270,2971,Giancarlo Stanton,167,81,,91,Mia,4,.567,.373
589,103,19,OF,30,.284,1140,Shin-Soo Choo,132,104,,64,Tex,21,.453,.408
541,63,19,"C, 1B",31,.312,2380,Buster Posey,82,75,,85,SF,2,.488,.386
571,74,27,OF,32,.271,1762,Justin Upton,149,78,,91,Atl,15,.473,.359
639,56,4,SS,33,.277,2416,Elvis Andrus,95,90,,65,Tex,38,.355,.338
615,55,21,1B,34,.289,3452,Eric Hosmer,106,82,,85,KC,15,.449,.346
598,64,31,OF,35,.259,1872,Jay Bruce,167,89,,105,Cin,8,.485,.331
513,74,29,DH,36,.298,343,David Ortiz,89,80,,93,Bos,2,.544,.385
507,87,33,OF,37,.266,961,Jose Bautista,97,91,,87,Tor,6,.509,.375
505,35,15,C,38,.321,1019,Yadier Molina,54,64,,77,StL,6,.485,.366
568,67,25,3B,39,.280,2197,Josh Donaldson,117,89,,94,Oak,8,.479,.359
564,54,27,"1B, DH",40,.280,613,Albert Pujols,74,83,,97,LAA,6,.482,.345
596,36,18,2B,41,.275,737,Brandon Phillips,89,88,,94,Cin,11,.418,.321
625,53,24,1B,42,.296,846,Adrian Gonzalez,109,80,,107,LAD,1,.472,.349
582,58,27,3B,43,.282,1267,Ryan Zimmerman,127,86,,88,Wsh,6,.478,.347
557,44,27,"OF, DH",44,.260,4553,Yoenis Cespedes,137,83,,93,Oak,12,.463,.320
553,80,13,"C, DH",45,.311,824,Joe Mauer,101,82,,73,Min,5,.452,.397
518,41,19,"1B, OF",46,.309,2745,Allen Craig,100,85,,96,StL,4,.485,.364
614,83,16,"2B, SS, OF",47,.282,1433,Ben Zobrist,101,91,,82,TB,14,.440,.369
581,29,11,OF,48,.263,3274,Starling Marte,154,82,,46,Pit,37,.411,.321
596,74,12,"2B, 3B",49,.299,3474,Matt Carpenter,100,108,,79,StL,5,.461,.379
623,51,22,OF,50,.274,1629,Hunter Pence,125,86,,91,SF,10,.446,.331
605,62,25,3B,51,.273,3256,Kyle Seager,118,77,,84,Sea,11,.458,.345
662,33,13,SS,52,.285,2808,Starlin Castro,116,87,,63,ChC,19,.418,.324
555,28,9,SS,53,.268,3499,Jean Segura,89,83,,45,Mil,34,.382,.310
449,44,19,OF,54,.283,1393,Matt Kemp,126,74,,72,LAD,17,.472,.349
542,96,25,"C, 1B, DH",55,.262,2659,Carlos Santana,111,79,,83,Cle,3,.470,.373
513,48,23,3B,56,.294,375,Aramis Ramirez,82,76,,90,Mil,4,.505,.365
515,68,20,OF,57,.295,997,Matt Holliday,97,91,,87,StL,4,.476,.384
604,67,25,OF,58,.267,3738,Wil Myers,171,81,,91,TB,9,.457,.340
562,69,22,OF,59,.269,2194,Jason Heyward,126,93,,71,Atl,13,.452,.356
633,35,5,2B,60,.283,4144,Jose Altuve,83,72,,44,Hou,32,.371,.320
545,50,26,OF,61,.281,413,Carlos Beltran,102,89,,81,NYY,3,.486,.341
523,41,33,"1B, OF",62,.252,2132,Mark Trumbo,144,73,,92,Ari,5,.501,.308
538,69,24,OF,63,.277,542,Jayson Werth,121,84,,77,Wsh,8,.468,.362
635,60,20,OF,64,.274,1578,Alex Gordon,149,89,,76,KC,12,.444,.341
507,42,16,C,65,.292,2816,Jonathan Lucroy,75,61,,82,Mil,6,.460,.348
558,65,14,OF,66,.254,2869,Desmond Jennings,125,95,,58,TB,27,.405,.335
498,51,16,2B,67,.281,828,Chase Utley,78,76,,71,Phi,12,.448,.355
560,54,35,3B,68,.250,2269,Pedro Alvarez,185,70,,98,Pit,2,.488,.317
515,22,25,C,69,.270,2491,Wilin Rosario,129,66,,74,Col,3,.468,.300
534,49,23,OF,70,.277,627,Michael Cuddyer,109,71,,79,Col,10,.485,.338
498,41,17,2B,71,.293,1125,Aaron Hill,72,70,,65,Ari,10,.476,.352
538,37,14,OF,72,.270,848,Shane Victorino,78,82,,58,Bos,24,.429,.332
594,70,26,1B,73,.266,3215,Anthony Rizzo,134,74,,90,ChC,7,.466,.349
586,71,21,DH,74,.295,1568,Billy Butler,107,75,,90,KC,2,.454,.373
529,42,18,3B,75,.280,3047,Brett Lawrie,98,74,,65,Tor,16,.456,.340
578,49,25,"OF, DH",76,.261,650,Josh Hamilton,157,79,,96,LAA,6,.458,.319
524,49,24,OF,77,.279,2783,Domonic Brown,104,71,,79,Phi,7,.479,.340
568,41,15,OF,78,.257,2036,Will Venable,132,84,,59,SD,25,.421,.311
559,59,2,SS,79,.243,2430,Everth Cabrera,115,77,,39,SD,47,.320,.318
615,36,17,3B,80,.286,3559,Manny Machado,113,84,,76,Bal,9,.452,.327
648,50,12,"3B, 2B, OF",81,.290,1357,Martin Prado,61,80,,82,Ari,7,.420,.339
548,39,29,1B,82,.270,3841,Matt Adams,152,74,,88,StL,1,.482,.319
485,54,29,C,83,.254,1212,Brian McCann,86,62,,83,NYY,0,.468,.332
501,76,28,1B,84,.259,1373,Mike Napoli,176,81,,92,Bos,2,.505,.363
598,37,27,SS,85,.274,973,J.J. Hardy,83,76,,78,Bal,1,.460,.317
603,32,9,2B,86,.289,2013,Daniel Murphy,84,78,,64,NYM,15,.410,.324
519,59,30,"1B, OF",87,.250,1765,Brandon Moss,165,77,,85,Oak,5,.486,.333
556,74,18,3B,88,.273,1735,Chase Headley,142,77,,79,SD,12,.446,.365
511,58,19,1B,89,.278,3354,Brandon Belt,132,80,,75,SF,9,.474,.355
648,28,9,SS,90,.275,1863,Alexei Ramirez,77,69,,62,CWS,24,.383,.307
509,22,15,C,91,.303,3590,Salvador Perez,65,58,,77,KC,1,.450,.333
552,48,21,3B,92,.290,2025,Pablo Sandoval,82,71,,90,SF,1,.467,.346
402,81,27,1B,93,.254,5600,Jose Abreu,96,69,,82,CWS,4,.495,.412
586,50,16,DH,94,.300,725,Victor Martinez,60,77,,94,Det,0,.440,.352
542,51,24,C,95,.260,2122,Matt Wieters,106,68,,80,Bal,1,.450,.320
541,57,11,"OF, DH",96,.251,793,Coco Crisp,72,87,,58,Oak,27,.372,.319
501,31,27,OF,97,.246,424,Alfonso Soriano,137,62,,86,NYY,10,.463,.294
486,35,23,C,98,.274,2467,Wilson Ramos,78,54,,81,Wsh,0,.453,.323
512,60,13,"2B, DH",99,.270,3579,Jurickson Profar,114,79,,56,Tex,16,.416,.351
567,44,17,SS,100,.266,1613,Asdrubal Cabrera,116,77,,77,Cle,11,.429,.326
519,32,26,3B,101,.254,3704,Will Middlebrooks,143,62,,87,Bos,6,.451,.299
466,32,8,OF,102,.264,4066,Leonys Martin,100,69,,52,Tex,30,.403,.319
549,70,24,OF,103,.233,1103,Curtis Granderson,179,87,,73,NYM,14,.426,.323
479,38,26,OF,104,.261,1165,Nelson Cruz,124,61,,78,Bal,7,.480,.318
543,42,24,2B,105,.267,3887,Jedd Gyorko,134,69,,75,SD,2,.451,.323
495,60,15,3B,106,.279,4087,Xander Bogaerts,140,74,,66,Bos,8,.451,.361
594,44,17,SS,107,.273,4207,Andrelton Simmons,59,82,,65,Atl,9,.421,.325
567,52,18,"SS, 2B",108,.280,1894,Jed Lowrie,91,81,,75,Oak,3,.448,.341
342,30,3,OF,109,.237,3504,Billy Hamilton,92,47,,22,Cin,56,.310,.298
524,31,9,OF,110,.277,741,Carl Crawford,87,77,,47,LAD,23,.408,.320
568,46,24,"1B, DH",111,.280,1123,Kendrys Morales,113,67,,82,FA,0,.461,.338
589,33,16,OF,112,.278,331,Torii Hunter,121,88,,79,Det,5,.424,.321
513,60,19,C,113,.275,2472,Jason Castro,145,70,,64,Hou,2,.476,.350
529,52,24,"1B, DH",114,.282,1460,Adam Lind,115,64,,78,Tor,1,.474,.344
477,50,18,OF,115,.231,1011,B.J. Upton,164,65,,57,Atl,26,.403,.304
565,70,14,OF,116,.280,3756,Christian Yelich,158,81,,58,Mia,18,.441,.359
583,50,6,OF,117,.257,1432,Michael Bourn,143,81,,50,Cle,30,.353,.318
599,51,17,2B,118,.250,3468,Brian Dozier,127,72,,65,Min,16,.404,.313
514,52,7,OF,119,.259,1985,Brett Gardner,117,77,,44,NYY,30,.391,.334
454,54,25,OF,120,.262,3964,Khris Davis,139,66,,69,Mil,6,.489,.353
485,55,22,OF,121,.254,2489,Josh Reddick,111,73,,69,Oak,10,.452,.328
554,56,13,OF,122,.276,2177,Austin Jackson,137,94,,52,Det,12,.430,.344
568,48,7,OF,123,.280,4527,Norichika Aoki,44,75,,39,KC,24,.371,.347
592,58,11,SS,124,.258,539,Jimmy Rollins,89,79,,48,Phi,22,.378,.324
492,49,8,SS,125,.234,4448,Jonathan Villar,157,57,,39,Hou,38,.343,.306
544,57,8,OF,126,.267,4557,Adam Eaton,108,89,,41,CWS,23,.382,.350
479,41,12,OF,127,.273,1663,Alejandro De Aza,114,68,,46,CWS,20,.418,.336
550,28,12,2B,128,.285,1365,Howie Kendrick,109,67,,66,LAA,10,.415,.327
564,24,8,SS,129,.277,1363,Erick Aybar,63,72,,56,LAA,18,.401,.309
502,42,21,"1B, OF",130,.269,1013,Corey Hart,129,73,,63,Sea,5,.462,.334
572,81,23,"1B, OF",131,.255,995,Nick Swisher,145,79,,80,Cle,2,.434,.349
555,32,16,3B,132,.288,3734,Nolan Arenado,83,66,,75,Col,3,.456,.327
522,67,30,1B,133,.247,703,Mark Teixeira,111,75,,81,NYY,3,.471,.337
508,46,24,OF,134,.260,1885,Colby Rasmus,148,72,,73,Tor,2,.467,.325
520,65,15,C,135,.275,1466,Miguel Montero,133,63,,76,Ari,0,.415,.361
515,28,0,OF,136,.280,2789,Ben Revere,55,58,,25,Phi,35,.320,.318
542,67,15,2B,137,.277,4573,Anthony Rendon,119,70,,66,Wsh,3,.450,.363
535,43,8,OF,138,.280,2318,Michael Brantley,63,67,,68,Cle,14,.387,.334
497,66,25,1B,139,.258,2469,Justin Smoak,128,62,,71,Sea,2,.455,.347
405,26,22,"C, OF",140,.259,5444,Evan Gattis,91,47,,70,Atl,0,.491,.311
106,7,3,OF,141,.283,3679,Oscar Taveras,18,12,,15,StL,2,.443,.330
487,44,20,3B,142,.251,2289,Todd Frazier,117,62,,71,Cin,8,.439,.324
530,86,13,OF,143,.257,2068,Dexter Fowler,156,75,,46,Hou,19,.404,.364
493,15,15,C,144,.270,404,A.J. Pierzynski,73,53,,68,Bos,0,.422,.299
533,37,21,OF,145,.255,1730,Nate Schierholtz,107,61,,70,ChC,8,.452,.308
457,38,11,OF,146,.239,3656,Nick Castellanos,107,50,,44,Det,4,.365,.299
469,45,26,1B,147,.260,1083,Ryan Howard,160,60,,71,Phi,0,.495,.326
492,60,15,SS,148,.252,1204,Stephen Drew,133,65,,69,FA,5,.425,.332
580,34,14,3B,149,.281,2212,Chris Johnson,142,58,,74,Atl,2,.424,.324
536,45,14,SS,150,.274,895,Jhonny Peralta,122,59,,66,StL,2,.420,.331
290,42,18,OF,151,.238,4551,George Springer,118,46,,49,Hou,12,.486,.343
452,52,22,2B,152,.254,5601,Alexander Guerrero,82,53,,61,LAD,6,.431,.352
450,42,2,OF,153,.251,2237,Eric Young Jr.,87,61,,27,NYM,38,.338,.319
423,48,20,"OF, 2B",154,.243,1202,Kelly Johnson,123,54,,57,NYY,11,.430,.324
504,71,28,"1B, OF, DH",155,.228,2186,Chris Carter,201,69,,85,Hou,2,.454,.325
439,38,16,C,156,.262,2263,Devin Mesoraco,86,51,,64,Cin,2,.424,.320
497,51,15,2B,157,.274,2202,Neil Walker,93,66,,65,Pit,4,.433,.350
498,40,5,OF,158,.265,1339,Angel Pagan,71,82,,55,SF,20,.386,.319
509,65,23,1B,159,.251,953,Adam LaRoche,127,67,,72,Wsh,3,.438,.336
460,23,14,OF,160,.287,3146,Avisail Garcia,116,56,,53,CWS,9,.430,.327
466,47,14,3B,161,.279,2224,David Freese,111,59,,68,LAA,2,.429,.353
596,30,15,SS,162,.258,2830,Zack Cozart,109,81,,57,Cin,3,.398,.294
545,30,20,OF,163,.262,739,Marlon Byrd,140,72,,77,Phi,2,.453,.307
443,31,15,C,164,.264,4583,Yan Gomes,120,52,,60,Cle,3,.440,.320
410,44,13,OF,165,.276,3898,Kole Calhoun,90,56,,57,LAA,10,.449,.346
589,26,7,2B,166,.295,806,Omar Infante,64,66,,52,KC,8,.396,.324
502,46,20,1B,167,.273,825,Justin Morneau,91,59,,75,Col,0,.454,.338
564,36,9,OF,168,.284,1238,Melky Cabrera,78,80,,60,Tor,9,.399,.323
503,35,19,3B,169,.252,2820,Mike Moustakas,101,51,,65,KC,5,.425,.305
502,19,4,SS,170,.253,2042,Alcides Escobar,76,51,,42,KC,23,.331,.285
464,64,19,"OF, DH",171,.263,1933,Matt Joyce,103,70,,62,TB,6,.446,.353
502,53,12,1B,172,.285,2298,Yonder Alonso,79,55,,68,SD,7,.414,.352
467,58,16,C,173,.238,1268,Russell Martin,106,56,,61,Pit,7,.388,.331
612,56,12,OF,174,.283,1330,Nick Markakis,73,82,,64,Bal,3,.391,.343
446,56,15,OF,175,.244,2689,Michael Saunders,130,69,,53,Sea,17,.413,.328
554,43,11,1B,176,.296,1346,James Loney,73,57,,72,TB,2,.415,.344
430,56,13,2B,177,.244,3064,Nick Franklin,125,51,,53,Sea,10,.395,.331
548,44,20,3B,178,.254,2171,Trevor Plouffe,128,63,,62,Min,2,.414,.315
295,18,4,OF,179,.247,1438,Rajai Davis,59,41,,24,Det,34,.353,.298
392,42,12,SS,180,.268,4683,Brad Miller,86,54,,49,Sea,7,.418,.338
452,53,16,1B,181,.257,2924,Logan Morrison,91,52,,60,Sea,1,.418,.339
425,44,17,C,182,.247,1605,Jarrod Saltalamacchia,144,61,,60,Mia,2,.442,.318
525,41,4,2B,183,.288,787,Marco Scutaro,42,67,,49,SF,5,.366,.339
396,40,19,OF,184,.247,1837,Justin Ruggiano,111,48,,51,ChC,16,.449,.320
519,45,23,1B,185,.258,2812,Mitch Moreland,120,63,,66,Tex,1,.453,.317
523,31,18,3B,186,.258,2270,Matt Dominguez,89,58,,77,Hou,0,.413,.304
467,38,8,SS,187,.270,197,Derek Jeter,70,64,,40,NYY,7,.366,.329
446,73,29,"1B, DH",188,.224,687,Adam Dunn,176,59,,75,CWS,1,.453,.334
442,32,10,C,189,.287,1376,Carlos Ruiz,56,51,,57,Phi,2,.416,.351
92,11,1,OF,190,.239,5447,Gregory Polanco,17,10,,10,Pit,4,.315,.314
459,29,21,OF,191,.257,1206,Michael Morse,122,56,,59,SF,0,.440,.308
413,26,9,2B,192,.264,4620,Josh Rutledge,88,51,,32,Col,13,.400,.318
547,64,15,OF,193,.272,1333,Andre Ethier,112,73,,74,LAD,3,.428,.355
393,29,6,OF,194,.265,3107,A.J. Pollock,70,52,,36,Ari,13,.392,.319
480,38,13,3B,195,.250,653,Juan Uribe,103,55,,61,LAD,5,.394,.308
513,52,9,SS,196,.265,1604,Yunel Escobar,70,63,,53,TB,4,.370,.335
379,34,15,C,197,.282,967,Dioner Navarro,58,44,,51,Tor,0,.446,.343
441,71,20,1B,198,.234,2920,Ike Davis,131,64,,71,NYM,2,.422,.339
463,35,9,2B,199,.257,2385,Gordon Beckham,79,57,,41,CWS,5,.376,.316
535,35,12,OF,200,.250,3132,Junior Lake,164,59,,40,ChC,23,.383,.305
554,39,4,OF,201,.271,1907,Denard Span,67,68,,41,Wsh,17,.377,.319
414,51,12,C,202,.239,2984,Travis d'Arnaud,120,46,,45,NYM,1,.389,.325
394,46,7,"2B, OF",203,.264,2697,Dustin Ackley,78,55,,37,Sea,5,.373,.342
477,70,15,C,204,.252,2383,Alex Avila,149,55,,67,Det,1,.407,.347
288,40,17,"1B, 3B, DH",205,.229,1704,Mark Reynolds,102,41,,47,Mil,2,.448,.327
551,45,10,OF,206,.270,2420,Gerardo Parra,95,72,,47,Ari,13,.407,.327
500,46,6,SS,207,.250,530,Rafael Furcal,63,61,,49,Mia,13,.336,.314
496,47,21,OF,208,.250,3735,Oswaldo Arcia,152,58,,71,Min,3,.438,.325
394,34,13,3B,209,.256,5131,Cody Asche,115,43,,53,Phi,6,.424,.318
483,74,24,"OF, DH",210,.234,1038,Josh Willingham,151,64,,80,Min,2,.435,.351
431,38,17,"1B, OF",211,.255,1698,Garrett Jones,111,54,,65,Mia,3,.455,.314
328,35,16,C,212,.244,1295,Geovany Soto,97,44,,45,Tex,1,.445,.320
297,17,4,2B,213,.276,3644,Scooter Gennett,63,33,,21,Mil,6,.377,.319
486,43,7,OF,214,.278,2222,Jon Jay,88,70,,53,StL,12,.379,.350
311,55,7,C,215,.273,2071,John Jaso,60,46,,43,Oak,4,.412,.386
474,33,9,OF,216,.236,2128,Peter Bourjos,130,70,,40,StL,14,.361,.302
305,24,5,OF,217,.243,2536,Lorenzo Cain,75,37,,34,KC,10,.354,.303
505,41,10,SS,218,.251,2838,Brandon Crawford,100,58,,52,SF,2,.372,.311
387,47,14,OF,219,.222,1358,Chris Young,106,53,,47,NYM,13,.395,.308
428,59,11,C,220,.257,2074,A.J. Ellis,90,48,,57,LAD,0,.383,.351
300,33,17,OF,221,.283,1127,Carlos Quentin,53,48,,54,SD,0,.533,.374
366,27,7,"SS, 2B",222,.262,3093,Jordy Mercer,72,38,,36,Pit,5,.393,.320
369,60,17,2B,223,.206,1318,Dan Uggla,130,53,,48,Atl,2,.382,.326
291,27,9,"C, OF, DH",224,.261,1208,Ryan Doumit,62,31,,37,Atl,0,.419,.325
390,56,20,OF,225,.241,947,Jonny Gomes,123,61,,66,Bos,3,.446,.346
432,36,7,2B,226,.266,4535,Kolten Wong,83,56,,37,StL,19,.375,.326
379,30,21,"1B, 3B",227,.240,2207,Juan Francisco,142,42,,57,Mil,1,.456,.300
336,28,13,OF,228,.250,742,Ryan Ludwick,82,36,,53,Cin,0,.417,.312
477,27,5,"SS, 3B",229,.245,2711,Jose Iglesias,81,49,,35,Det,11,.317,.298
385,40,14,"1B, DH",230,.270,342,Paul Konerko,64,44,,52,CWS,0,.416,.343
359,26,14,2B,231,.237,3145,Ryan Flaherty,93,40,,44,Bal,3,.401,.297
223,27,7,C,232,.269,4325,Josmil Pinto,56,25,,27,Min,0,.422,.352
348,20,2,2B,233,.276,3188,DJ LeMahieu,56,35,,28,Col,12,.368,.315
477,30,17,OF,234,.260,2372,Dayan Viciedo,111,51,,63,CWS,0,.428,.308
567,35,4,SS,235,.243,3511,Adeiny Hechavarria,120,47,,48,Mia,11,.321,.287
403,29,12,OF,236,.253,4149,Marcell Ozuna,113,53,,56,Mia,8,.417,.307
317,20,3,SS,237,.252,2727,Eduardo Nunez,53,37,,28,NYY,19,.350,.297
501,44,16,OF,238,.255,1463,David Murphy,75,61,,57,Cle,7,.413,.317
197,36,6,1B,239,.228,3678,Jon Singleton,79,27,,25,Hou,1,.381,.345
443,44,11,C,240,.255,2198,Welington Castillo,124,48,,41,ChC,1,.384,.337
322,21,12,3B,241,.264,2911,Lonnie Chisenhall,70,41,,45,Cle,2,.444,.317
276,27,6,OF,242,.250,1152,Nate McLouth,46,38,,21,Wsh,13,.384,.322
307,23,10,OF,243,.287,4165,Corey Dickerson,63,43,,33,Col,5,.502,.333
346,54,13,"OF, 1B",244,.249,3392,Lucas Duda,102,45,,44,NYM,1,.408,.357
355,33,10,1B,245,.237,2060,Casey McGehee,76,38,,48,Mia,1,.375,.302
340,32,8,2B,246,.241,679,Brian Roberts,60,39,,45,NYY,5,.362,.302
383,47,9,OF,247,.232,4847,Jackie Bradley Jr.,112,54,,34,Bos,8,.394,.331
175,15,1,"2B, OF",248,.251,1798,Emilio Bonifacio,41,21,,11,ChC,14,.331,.313
386,48,15,3B,249,.249,3610,Matt Davidson,149,45,,52,CWS,1,.430,.339
260,35,9,C,250,.238,3000,Derek Norris,78,39,,35,Oak,6,.400,.333
274,11,6,"3B, SS",251,.252,1955,Mike Aviles,37,34,,33,Cle,8,.361,.281
333,39,11,2B,252,.234,926,Rickie Weeks,96,46,,31,Mil,8,.399,.328
359,36,9,OF,253,.231,2210,Drew Stubbs,108,53,,34,Col,19,.362,.303
224,22,0,SS,254,.232,3143,Dee Gordon,49,26,,12,LAD,23,.290,.305
211,19,8,3B,255,.265,408,Eric Chavez,44,25,,35,Ari,0,.441,.323
322,15,12,OF,256,.245,2895,Chris Heisey,78,42,,36,Cin,5,.413,.289
156,7,3,SS,257,.263,3310,Chris Owings,38,20,,16,Ari,4,.397,.299
243,23,9,"OF, 1B",258,.272,2218,Mike Carp,68,32,,42,Bos,2,.461,.338
478,38,23,"OF, DH",259,.234,260,Raul Ibanez,120,57,,69,LAA,1,.433,.292
437,30,1,SS,260,.259,2568,Ruben Tejada,66,48,,30,NYM,4,.323,.313
280,23,4,OF,261,.261,2181,Jose Tabata,45,35,,21,Pit,6,.382,.328
44,5,1,SS,262,.227,5151,Addison Russell,14,7,,4,Oak,2,.386,.320
375,33,14,C,263,.235,5152,Mike Zunino,110,55,,52,Sea,1,.403,.307
269,21,3,"2B, 3B, SS",264,.253,1077,Maicer Izturis,32,29,,23,Tor,6,.331,.310
446,39,15,OF,265,.260,845,Cody Ross,93,56,,63,Ari,3,.426,.321
493,34,6,2B,266,.243,2200,Darwin Barney,61,57,,39,ChC,6,.337,.297
295,39,8,1B,267,.254,2087,Gaby Sanchez,54,34,,38,Pit,2,.400,.344
201,12,4,OF,268,.229,3666,Jake Marisnick,63,20,,18,Mia,8,.348,.290
433,38,8,SS,269,.242,3859,Didi Gregorius,80,53,,35,Ari,2,.365,.310
299,38,6,"3B, 2B",270,.268,1435,Alberto Callaspo,32,37,,38,Oak,2,.371,.347
248,39,6,C,271,.262,3389,Yasmani Grandal,57,33,,32,SD,0,.407,.364
363,44,9,OF,272,.273,3362,Daniel Nava,75,54,,47,Bos,2,.413,.364
235,20,2,2B,273,.268,2642,Eric Sogard,33,29,,22,Oak,7,.362,.328
318,35,10,"OF, DH",274,.258,1835,Seth Smith,80,44,,38,SD,2,.425,.336
337,29,8,OF,275,.276,1298,Chris Denorfia,56,50,,33,SD,9,.409,.332
331,17,10,C,276,.248,2992,Josh Phegley,69,33,,39,CWS,2,.396,.291
191,23,8,"1B, OF",277,.251,3958,Darin Ruf,65,24,,24,Phi,0,.429,.339
213,17,4,OF,278,.272,3546,Charlie Blackmon,40,30,,22,Col,6,.418,.333
234,30,2,2B,279,.235,2311,Jemile Weeks,52,32,,15,Bal,8,.325,.328
286,25,9,"OF, 1B",280,.227,2418,Kyle Blanks,86,35,,36,SD,1,.385,.301
177,20,5,2B,281,.266,2967,Logan Forsythe,43,24,,18,TB,5,.412,.348
142,10,3,C,282,.268,2955,Hector Sanchez,32,13,,16,SF,0,.380,.323
316,59,11,C,283,.228,1447,Chris Iannetta,94,39,,38,LAA,1,.373,.350
104,18,3,3B,284,.260,4622,Marcus Semien,27,17,,11,CWS,4,.423,.371
191,18,1,OF,285,.230,2822,Jarrod Dyson,42,28,,10,KC,22,.314,.302
376,24,5,2B,286,.245,3033,Ryan Goins,92,33,,33,Tor,4,.340,.290
212,15,6,C,287,.236,2127,Hank Conger,52,21,,22,LAA,0,.373,.294
345,29,6,SS,288,.246,2730,Pedro Florimon,103,36,,33,Min,11,.345,.307
53,2,2,3B,289,.283,4639,Maikel Franco,8,6,,7,Phi,0,.434,.309
266,23,6,OF,290,.267,3465,Andy Dirks,49,38,,25,Det,5,.391,.326
176,9,3,"2B, 1B, 3B",291,.278,1071,Jeff Keppinger,16,19,,17,CWS,0,.364,.314
273,39,8,3B,292,.238,2061,Luis Valbuena,61,30,,30,ChC,1,.385,.335
235,16,6,OF,293,.226,956,Grady Sizemore,70,28,,28,Bos,0,.404,.287
144,18,2,2B,294,.285,4695,Tommy La Stella,24,16,,15,Atl,3,.403,.368
268,13,12,C,295,.228,2501,J.P. Arencibia,80,29,,38,Tex,0,.399,.268
281,28,10,"1B, OF",296,.253,2376,Jesus Guzman,70,35,,44,Hou,4,.434,.324
301,43,4,OF,297,.239,3869,Robbie Grossman,97,36,,21,Hou,9,.332,.339
106,13,2,OF,298,.255,4432,Michael Choice,32,14,,14,Tex,0,.358,.344
165,18,5,OF,299,.236,1088,Jason Kubel,51,17,,23,Min,0,.388,.310
257,24,11,OF,300,.241,1745,Ryan Raburn,73,34,,40,Cle,1,.436,.312
142,9,3,2B,301,.204,3018,Danny Espinosa,49,15,,12,Wsh,3,.317,.265
331,29,8,OF,302,.254,1459,Ryan Sweeney,64,35,,32,ChC,1,.405,.313
257,18,4,"3B, 1B, 2B",303,.237,3255,Ed Lucas,66,28,,20,Mia,2,.335,.291
286,19,6,C,304,.252,1728,Kurt Suzuki,42,29,,32,Min,2,.371,.301
186,9,3,OF,305,.263,2916,David Lough,31,22,,18,Bal,5,.376,.302
372,31,6,OF,306,.261,3399,Alex Presley,76,46,,29,Min,12,.384,.322
291,37,2,"DH, OF",307,.244,4565,L.J. Hoes,58,37,,24,Hou,8,.326,.334
409,35,16,1B,308,.244,2468,Brett Wallace,150,50,,51,Hou,1,.421,.317
247,29,2,OF,309,.255,1603,Gregor Blanco,57,34,,23,SF,12,.332,.335
398,41,8,OF,310,.256,942,David DeJesus,77,54,,39,TB,5,.399,.335
219,17,6,C,311,.256,2175,Jesus Montero,56,21,,27,Sea,0,.384,.310
382,46,9,OF,312,.220,3726,Aaron Hicks,122,51,,34,Min,15,.361,.305
167,14,8,"1B, OF",313,.263,819,Jeff Baker,46,20,,22,Mia,2,.467,.322
246,17,3,2B,314,.252,753,Mark Ellis,43,30,,24,StL,3,.333,.311
220,16,7,C,315,.245,1991,Nick Hundley,57,22,,28,SD,0,.400,.303
126,10,5,OF,316,.246,3032,Tyler Moore,39,13,,20,Wsh,1,.421,.304
75,7,5,SS,317,.240,4603,Javier Baez,33,10,,13,ChC,2,.507,.301
175,16,2,OF,318,.223,3510,Anthony Gose,61,22,,12,Tor,11,.343,.295
355,29,15,DH,319,.223,1886,Nolan Reimold,107,43,,44,Bal,4,.392,.281
180,6,3,C,320,.272,1195,Brayan Pena,22,15,,19,Cin,0,.367,.295
270,21,12,3B,321,.226,1106,Donnie Murphy,88,30,,31,ChC,3,.415,.299
191,21,2,OF,322,.225,1884,Jordan Schafer,56,25,,15,Atl,15,.314,.305
152,19,4,C,323,.237,2230,Jose Lobaton,38,18,,18,Wsh,0,.388,.320
67,9,2,SS,324,.224,5322,Arismendy Alcantara,23,8,,8,ChC,4,.418,.312
192,16,5,1B,325,.260,3135,Nate Freiman,40,19,,28,Oak,0,.391,.324
127,27,6,C,326,.213,1607,George Kottaras,46,17,,19,ChC,0,.394,.355
139,11,2,"SS, 2B, 3B",327,.252,2844,Daniel Descalso,26,18,,15,StL,2,.374,.309
151,4,2,"3B, SS",328,.265,1476,Joaquin Arias,23,15,,16,SF,2,.358,.285
107,11,3,C,329,.243,3494,Stephen Vogt,21,13,,13,Oak,0,.393,.311
75,6,3,C,330,.213,2432,Tyler Flowers,29,8,,8,CWS,0,.373,.289
51,2,1,C,331,.216,4234,Christian Bethancourt,11,4,,4,Atl,1,.314,.241
142,17,5,C,332,.211,2609,Anthony Recker,49,17,,17,NYM,1,.359,.298
233,14,3,"OF, 2B",333,.253,2950,Alexi Amarista,35,26,,24,SD,5,.365,.297
216,21,1,OF,334,.259,2700,Craig Gentry,41,31,,19,Oak,17,.347,.343
229,12,2,1B,335,.275,2997,Jordan Pacheco,30,21,,21,Col,2,.371,.318
171,7,1,"2B, OF",336,.257,4469,Stephen Lombardozzi,22,17,,12,Det,4,.345,.293
304,25,1,OF,337,.273,3164,J.B. Shuck,34,39,,25,LAA,8,.336,.326
293,23,9,OF,338,.246,2317,John Mayberry Jr.,73,37,,34,Phi,4,.406,.304
241,18,4,OF,339,.266,2810,Logan Schafer,47,29,,24,Mil,7,.386,.326
99,10,0,OF,340,.222,2387,Derrick Robinson,27,11,,4,FA,5,.273,.294
66,5,3,3B,341,.258,5675,Kris Bryant,24,8,,12,ChC,0,.485,.320
209,21,5,OF,342,.234,1570,Cameron Maybin,45,31,,19,SD,12,.354,.306
218,21,9,OF,343,.229,1813,Justin Maxwell,79,31,,28,KC,6,.422,.303
250,25,5,OF,344,.244,2001,Travis Snider,67,31,,30,Pit,4,.364,.313
258,14,3,OF,345,.240,3895,Juan Lagares,63,24,,20,NYM,6,.345,.281
230,13,8,DH,346,.257,2169,Danny Valencia,49,26,,33,KC,1,.435,.294
45,6,1,OF,347,.244,5150,Byron Buxton,12,7,,6,Min,3,.444,.340
127,11,5,OF,348,.236,3104,Andrew Lambo,43,14,,18,Pit,1,.417,.300
215,9,3,OF,349,.247,609,Ichiro Suzuki,25,25,,16,NYY,9,.330,.276
129,19,3,2B,350,.256,2151,Scott Sizemore,39,19,,18,NYY,2,.388,.353
144,14,6,C,351,.215,783,David Ross,55,15,,17,Bos,1,.389,.288
227,11,3,OF,352,.269,4070,Josh Harrison,34,31,,22,Pit,10,.396,.316
357,30,8,DH,353,.289,5594,Henry Urrutia,76,42,,40,Bal,1,.409,.343
91,7,2,C,354,.198,2811,Martin Maldonado,26,8,,10,Mil,0,.308,.270
87,8,3,2B,355,.230,4259,Derek Dietrich,28,12,,10,Mia,1,.402,.316
61,6,1,OF,356,.230,5005,Josh Bell,17,6,,7,Pit,0,.328,.294
269,13,5,SS,357,.223,941,Clint Barmes,60,22,,24,Pit,0,.323,.266
183,24,1,C,358,.251,1816,Ryan Hanigan,21,18,,17,TB,0,.306,.346
393,62,14,"1B, DH",359,.221,620,Carlos Pena,131,55,,47,LAA,2,.382,.336
82,9,2,C,360,.256,3500,Tim Federowicz,27,9,,10,LAD,0,.390,.333
99,13,2,OF,361,.253,3960,Abraham Almonte,29,13,,10,Sea,5,.374,.339
122,10,1,"SS, 2B",362,.246,2023,Cliff Pennington,25,13,,10,Ari,3,.336,.301
65,5,1,OF,363,.246,2078,Jason Bourgeois,9,9,,7,Cin,4,.354,.296
340,42,9,"OF, 1B",364,.232,2791,Chris Parmelee,88,36,,35,Min,1,.371,.320
94,16,1,SS,365,.255,4605,Francisco Lindor,12,13,,6,Cle,5,.340,.369
202,32,4,1B,366,.238,3770,Josh Satin,60,25,,19,NYM,1,.351,.343
194,25,1,"SS, 2B, 3B",367,.242,707,Nick Punto,45,24,,15,Oak,3,.314,.326
124,9,4,2B,368,.250,4461,Jonathan Schoop,33,14,,13,Bal,1,.387,.309
159,19,2,3B,369,.233,1548,Jack Hannahan,40,15,,17,Cin,0,.327,.320
144,21,6,1B,370,.222,3690,Mike Olt,53,17,,18,ChC,1,.396,.323
98,13,2,SS,371,.265,3299,Dean Anna,19,13,,10,NYY,1,.398,.360
281,26,2,"2B, OF",372,.263,1210,Skip Schumaker,49,31,,28,Cin,1,.342,.331
244,30,9,DH,373,.254,1803,Steve Pearce,54,29,,31,Bal,2,.422,.348
117,13,5,1B,374,.248,5175,Chris Colabello,36,14,,17,Min,0,.427,.331
75,9,1,SS,375,.240,3151,Hak-Ju Lee,21,9,,5,TB,5,.333,.321
229,18,3,C,376,.227,498,Jose Molina,53,23,,20,TB,2,.314,.287
225,14,2,3B,377,.276,2209,Justin Turner,34,22,,23,LAD,1,.387,.328
111,11,1,C,378,.252,879,Gerald Laird,19,12,,9,Atl,1,.342,.328
106,8,1,"SS, 3B",379,.236,3044,Eduardo Escobar,26,12,,9,Min,2,.330,.293
81,3,1,SS,380,.247,2354,Pedro Ciriaco,15,8,,5,KC,4,.346,.274
44,6,2,OF,381,.227,3876,Joc Pederson,15,6,,4,LAD,2,.409,.320
78,8,2,C,382,.244,3501,Ryan Lavarnway,18,9,,10,Bos,0,.385,.318
85,7,3,3B,383,.247,2800,Josh Vitters,21,8,,10,ChC,1,.400,.309
111,10,1,"2B, 3B, SS",384,.234,768,Ramon Santiago,19,12,,9,Cin,0,.297,.301
121,9,1,"SS, 2B",385,.256,1929,Jonathan Herrera,18,11,,7,Bos,2,.331,.305
163,8,9,OF,386,.239,842,Scott Hairston,38,22,,27,Wsh,3,.472,.276
114,7,1,C,387,.246,4434,Bryan Holaday,26,10,,9,Det,1,.316,.298
150,9,3,3B,388,.267,3024,Wilmer Flores,30,16,,20,NYM,0,.400,.309
252,12,8,"OF, DH",389,.270,1112,Delmon Young,54,25,,31,Bal,0,.413,.309
213,11,0,2B,390,.286,626,Willie Bloomquist,30,26,,18,Sea,5,.343,.326
98,8,1,SS,391,.235,2834,Pete Kozma,23,11,,10,StL,1,.306,.290
78,4,2,C,392,.231,2161,Carlos Corporan,23,7,,9,Hou,0,.346,.282
115,7,2,2B,393,.252,2776,Grant Green,29,13,,12,LAA,1,.374,.298
126,8,3,3B,394,.262,2431,Chris Nelson,35,13,,16,Cin,2,.397,.309
254,24,6,"OF, 1B",395,.240,1918,Sean Rodriguez,67,32,,30,TB,4,.374,.318
266,16,7,OF,396,.226,1281,Franklin Gutierrez,84,30,,30,Sea,6,.361,.273
90,6,1,C,397,.244,3597,Rob Brantly,19,7,,7,Mia,0,.322,.296
181,13,1,2B,398,.232,1456,Alexi Casilla,30,23,,16,Bal,12,.315,.283
220,25,3,SS,399,.227,1256,Omar Quintanilla,51,24,,18,NYM,1,.323,.306
259,22,3,SS,400,.216,1718,Brendan Ryan,58,29,,21,NYY,6,.301,.283
144,11,4,SS,401,.222,2019,Adam Rosales,35,18,,17,Tex,1,.347,.283
199,21,5,1B,402,.216,767,Ty Wigginton,55,25,,22,Mia,2,.332,.295
194,18,6,C,403,.222,847,John Buck,53,19,,20,Sea,1,.345,.296
188,9,1,OF,404,.266,582,Juan Pierre,15,24,,10,FA,13,.330,.307
197,13,2,SS,405,.244,1172,Ronny Cedeno,51,19,,17,Phi,2,.340,.296
216,13,2,"3B, SS",406,.231,4236,Jeff Bianchi,48,20,,18,Mil,5,.306,.277
109,9,2,"SS, 3B",407,.220,1862,Jayson Nix,32,13,,10,TB,4,.321,.289
140,17,3,OF,408,.243,2305,Brian Bogusevic,39,17,,13,Mia,6,.364,.333
268,11,3,"1B, 2B",409,.272,1368,Kevin Frandsen,28,26,,23,Phi,2,.362,.321
113,9,1,2B,410,.239,3124,Tyler Pastornicky,21,12,,8,Atl,3,.327,.298
159,13,2,SS,411,.233,2544,Justin Sellers,38,16,,18,Cle,1,.340,.299
136,22,5,OF,412,.243,3128,Scott Van Slyke,42,17,,18,LAD,2,.419,.352
175,9,2,SS,413,.240,3267,Marwin Gonzalez,30,16,,13,Hou,3,.326,.276
322,29,9,1B,414,.242,623,Lyle Overbay,85,33,,41,Mil,1,.388,.302
116,8,1,SS,415,.241,4667,Wilfredo Tovar,18,12,,8,NYM,3,.310,.299
152,17,4,2B,416,.230,1430,Ryan Roberts,37,18,,17,ChC,3,.349,.306
29,2,1,3B,417,.241,3701,Michael Almanzar,8,3,,3,Bal,1,.379,.290
144,6,2,3B,418,.236,4446,Luis Jimenez,28,14,,16,LAA,4,.340,.273
132,9,4,OF,419,.242,3081,Moises Sierra,41,15,,15,Tor,3,.402,.303
131,12,6,C,420,.244,2917,Michael McKenry,33,15,,19,Col,0,.443,.315
196,39,3,1B,421,.250,1569,Daric Barton,41,28,,24,Oak,1,.357,.375
115,8,0,2B,422,.252,2020,Chris Getz,13,14,,10,Tor,6,.313,.298
104,15,0,SS,423,.231,4521,Munenori Kawasaki,19,12,,9,Tor,3,.288,.336
323,33,3,OF,424,.229,755,Andres Torres,78,42,,27,FA,9,.331,.300
110,4,5,C,425,.227,813,Miguel Olivo,31,12,,14,LAD,1,.400,.252
195,10,3,2B,426,.241,2782,Freddy Galvis,44,17,,17,Phi,3,.354,.279
86,7,2,OF,427,.256,3122,Brandon Guyer,19,12,,8,TB,4,.407,.333
98,10,5,1B,428,.255,5379,Tommy Medica,33,13,,15,SD,1,.480,.333
184,8,1,2B,429,.228,3328,Hernan Perez,36,16,,12,Det,7,.299,.262
94,10,3,3B,430,.255,2079,Conor Gillaspie,19,11,,10,CWS,0,.415,.324
96,5,0,SS,431,.229,5050,Alen Hanson,24,8,,5,Pit,4,.292,.272
106,9,3,OF,432,.217,2414,Tyler Colvin,35,13,,12,SF,1,.377,.284
79,9,2,C,433,.266,2089,Francisco Cervelli,20,10,,9,NYY,1,.380,.359
50,3,1,OF,434,.260,5358,Kevin Pillar,10,5,,5,Tor,2,.380,.315
70,9,2,OF,435,.214,2901,Kirk Nieuwenhuis,25,10,,7,NYM,1,.343,.304
107,11,4,C,436,.215,1067,Chris Snyder,34,10,,14,Wsh,0,.364,.292
62,3,1,OF,437,.242,3208,Engel Beltre,17,7,,4,Tex,2,.355,.288
46,4,2,1B,438,.239,4479,Hunter Morris,15,5,,6,Mil,0,.413,.300
84,6,1,2B,439,.262,2574,Donovan Solano,16,8,,8,Mia,1,.333,.315
124,7,0,"SS, 2B",440,.234,629,Cesar Izturis,13,9,,10,Hou,0,.282,.273
98,12,2,OF,441,.184,2982,Brett Jackson,48,10,,7,ChC,3,.306,.277
102,7,2,C,442,.245,1105,Rene Rivera,24,9,,10,SD,0,.353,.297
183,11,1,3B,443,.257,388,Placido Polanco,16,17,,13,FA,1,.306,.307
44,3,1,OF,444,.205,3662,Matt den Dekker,16,5,,5,NYM,1,.318,.255
30,2,1,OF,445,.233,3149,Brandon Barnes,8,3,,3,Col,1,.400,.281
53,4,2,C,446,.245,2495,Erik Kratz,12,6,,8,Tor,0,.415,.305
24,4,0,OF,447,.208,3732,Jaff Decker,8,3,,2,Pit,0,.250,.321
68,9,1,1B,448,.221,3329,Chris McGuiness,20,7,,8,Pit,0,.324,.321
74,6,1,2B,449,.216,2303,Tyler Greene,27,8,,7,Atl,3,.338,.284
123,9,1,SS,450,.220,1284,Robert Andino,32,11,,8,Pit,2,.285,.271
80,4,3,C,451,.213,2239,Brett Hayes,25,8,,8,KC,0,.375,.247
169,27,5,OF,452,.237,3201,Marc Krauss,55,21,,21,Hou,2,.396,.345
276,30,6,"OF, 3B",453,.217,1665,Don Kelly,41,37,,28,Det,4,.322,.296
64,2,1,2B,454,.250,1708,Tony Abreu,15,7,,7,SF,1,.406,.279
117,8,3,OF,455,.239,3423,Jordany Valdespin,25,14,,15,FA,6,.368,.299
88,11,4,3B,456,.205,1817,Cody Ransom,34,11,,12,ChC,1,.398,.300
178,11,3,OF,457,.236,3086,Jimmy Paredes,52,21,,15,KC,8,.354,.283
169,22,8,DH,458,.195,190,Jason Giambi,54,19,,21,Cle,0,.379,.298
72,7,1,C,459,.250,2482,Josh Thole,13,7,,8,Tor,0,.333,.325
167,10,6,"OF, DH",460,.246,497,Vernon Wells,28,20,,21,NYY,3,.389,.287
111,10,4,1B,461,.243,3626,Sean Halton,36,12,,14,Mil,1,.414,.315
92,8,1,2B,462,.239,2835,Nick Noonan,25,9,,8,SF,1,.315,.297
39,3,0,2B,463,.231,3082,Chase d'Arnaud,9,4,,3,Pit,3,.256,.286
169,12,2,1B,464,.254,1085,Greg Dobbs,30,15,,18,Mia,1,.337,.308
120,12,1,OF,465,.208,3244,Darin Mastroianni,32,14,,8,Min,9,.275,.289
122,6,2,C,466,.221,2219,Tuffy Gosewisch,26,10,,12,Ari,0,.328,.262
85,9,3,OF,467,.271,2107,Xavier Paul,20,10,,12,Bal,2,.435,.347
205,10,4,OF,468,.229,1237,Jeff Francoeur,49,19,,18,Cle,3,.346,.271
85,8,1,OF,469,.247,1823,Sam Fuld,13,13,,8,Oak,5,.329,.309
51,5,1,C,470,.255,2403,Steve Clevenger,9,6,,5,Bal,0,.373,.321
92,4,2,OF,471,.261,2585,Charlie Culberson,22,10,,10,Col,3,.402,.289
120,14,5,DH,472,.217,672,Travis Hafner,33,14,,13,FA,0,.392,.314
104,10,0,3B,473,.250,3285,Brock Holt,20,10,,8,Bos,3,.308,.319
108,5,1,C,474,.241,788,Wil Nieves,21,8,,10,Phi,0,.315,.272
48,5,1,2B,475,.208,3218,Tommy Field,13,5,,4,LAA,1,.313,.296
33,2,1,2B,476,.212,2729,Chris Valaika,8,3,,2,ChC,0,.333,.257
94,15,2,OF,477,.234,272,Bobby Abreu,24,12,,11,Phi,3,.351,.339
124,9,3,1B,478,.234,981,Casey Kotchman,14,12,,14,Mia,1,.339,.296
80,5,2,1B,479,.263,3181,Ryan Wheeler,19,9,,10,Col,1,.388,.302
96,8,1,C,480,.219,1458,Chris Stewart,14,9,,8,Pit,1,.281,.290
114,7,3,OF,481,.254,3527,J.D. Martinez,28,11,,15,Hou,0,.386,.295
107,8,1,C,482,.234,608,Yorvit Torrealba,18,9,,8,LAA,0,.308,.293
51,7,1,OF,483,.235,2764,Quintin Berry,16,6,,5,Bal,5,.333,.339
59,5,2,1B,484,.271,2043,Mat Gamel,13,8,,8,Mil,1,.407,.338
61,2,1,C,485,.230,4069,Tony Cruz,12,6,,6,StL,0,.328,.266
38,5,1,2B,486,.211,3131,Logan Watkins,12,4,,2,ChC,1,.368,.302
78,11,2,OF,487,.244,2807,Jordan Danks,29,9,,7,CWS,3,.359,.344
112,9,3,C,488,.196,984,Jeff Mathis,40,9,,10,Mia,0,.321,.254
91,12,3,OF,489,.220,2821,Michael Taylor,26,10,,12,Oak,2,.363,.314
103,10,3,C,490,.184,325,Henry Blanco,28,9,,11,Ari,0,.311,.263
83,9,1,OF,491,.217,3753,Reymond Fuentes,27,9,,5,SD,5,.289,.301
32,3,1,2B,492,.219,3260,Cord Phelps,7,3,,4,Bal,0,.375,.286
92,8,2,OF,493,.239,3696,Joey Terdoslavich,26,10,,11,Atl,1,.359,.297
80,7,2,OF,494,.225,2857,Collin Cowgill,21,9,,8,LAA,2,.363,.295
77,7,0,3B,495,.247,2137,Andrew Romine,18,8,,6,LAA,3,.299,.318
76,3,1,C,496,.224,937,Humberto Quintero,18,6,,8,Sea,0,.316,.263
79,9,1,"C, OF",497,.203,4471,Chris Herrmann,22,8,,7,Min,1,.278,.284
48,4,1,C,498,.229,2182,Austin Romine,13,5,,4,NYY,0,.333,.288
128,9,2,2B,499,.219,1898,Elliot Johnson,36,14,,12,Cle,9,.313,.268
66,9,1,OF,500,.242,2670,Shane Robinson,10,9,,6,StL,2,.318,.329
100,6,3,1B,501,.220,3298,Neftali Soto,31,10,,11,Cin,0,.350,.269
82,8,2,C,502,.195,1135,Kelly Shoppach,33,8,,8,FA,0,.317,.290
88,6,2,OF,503,.227,4559,Donald Lutz,27,10,,10,Cin,1,.352,.292
40,4,1,C,504,.225,2972,Tony Sanchez,11,4,,4,Pit,0,.375,.311
67,9,2,OF,505,.224,2070,Matt Tuiasosopo,23,8,,9,Ari,1,.343,.325
30,1,1,3B,506,.233,3670,Zach Walters,9,3,,3,Wsh,0,.400,.258
106,18,0,C,507,.198,2054,Lou Marson,30,12,,7,Phi,2,.255,.312
59,3,2,DH,508,.220,3481,Melky Mesa,24,6,,6,KC,2,.373,.270
101,6,0,C,509,.238,4440,Jesus Sucre,15,7,,8,Sea,0,.257,.284
71,7,2,OF,510,.254,3157,Caleb Gindl,20,8,,8,Mil,0,.423,.321
55,3,2,C,511,.182,2003,Taylor Teagarden,20,4,,5,NYM,0,.327,.224
58,6,2,OF,512,.241,4074,Andrew Brown,19,8,,9,NYM,0,.431,.318
51,3,2,3B,513,.235,843,Chad Tracy,10,5,,7,LAA,0,.392,.278
26,2,1,C,514,.192,2449,John Hester,9,2,,2,LAA,0,.346,.250
59,5,1,OF,515,.220,2927,Ryan Kalish,18,7,,4,ChC,3,.305,.277
29,2,0,C,516,.241,3930,Juan Centeno,5,2,,3,NYM,0,.276,.290
89,6,3,OF,517,.202,1770,Rick Ankiel,34,9,,10,NYM,1,.382,.253
83,9,1,OF,518,.241,2242,Chris Coghlan,16,8,,6,ChC,2,.349,.319
58,3,1,C,519,.190,2167,Drew Butera,15,4,,5,LAD,0,.276,.242
53,5,1,3B,520,.226,2993,Brent Morel,15,6,,5,Pit,1,.340,.293
36,4,1,1B,521,.278,2507,David Cooper,5,4,,4,Cle,0,.444,.350
71,3,1,OF,522,.239,4483,Juan Perez,17,7,,6,SF,2,.366,.280
56,2,1,SS,523,.214,2415,Carlos Triunfel,14,6,,4,Sea,0,.304,.254
60,2,0,C,524,.217,3014,Jhonatan Solano,9,4,,5,Wsh,0,.267,.242
85,7,1,"DH, 3B",525,.235,2389,Ramiro Pena,19,9,,7,Atl,0,.329,.290
66,3,1,OF,526,.242,3633,Alfredo Silverio,15,7,,7,Mia,1,.409,.271
86,11,1,C,527,.186,1995,John Baker,26,7,,7,ChC,0,.233,.276
86,8,2,DH,528,.209,712,Wilson Betemit,28,8,,9,TB,0,.337,.274
252,18,7,OF,529,.238,2576,Brennan Boesch,57,31,,27,LAA,3,.377,.293
32,0,0,C,530,.188,4466,Audry Perez,7,2,,3,StL,0,.219,.188
23,2,1,DH,531,.261,2775,Max Stassi,8,3,,3,Hou,0,.435,.346
50,4,0,OF,532,.260,3593,Cesar Hernandez,12,5,,4,Phi,2,.340,.315
33,2,0,C,533,.182,830,Koyie Hill,9,3,,2,Wsh,0,.212,.229
42,8,0,3B,534,.238,4600,Garin Cecchini,12,5,,3,Bos,1,.286,.360
79,8,2,OF,535,.190,2339,Casper Wells,24,11,,8,ChC,1,.329,.273
54,7,0,C,536,.185,4576,Sandy Leon,13,4,,3,Wsh,0,.222,.290
28,3,0,SS,537,.214,2840,Ehire Adrianza,7,3,,2,SF,1,.250,.290
33,4,1,1B,538,.212,2803,Robinson Chirinos,9,3,,3,Tex,0,.333,.316
56,5,1,OF,539,.214,795,Chone Figgins,12,6,,4,LAD,2,.304,.274
128,11,0,3B,540,.211,1939,Paul Janish,28,13,,8,Col,1,.250,.282
78,6,2,OF,541,.218,904,Laynce Nix,25,8,,8,Phi,0,.346,.274
28,1,0,OF,542,.250,3759,Eury Perez,6,3,,1,Wsh,2,.286,.300
28,3,1,OF,543,.214,1897,Clete Thomas,10,3,,3,Phi,1,.357,.290
32,3,1,OF,544,.219,1753,Darnell McDonald,8,3,,3,ChC,1,.344,.286
24,2,0,OF,545,.208,3294,Tony Campana,6,3,,1,Ari,2,.250,.269
50,5,1,OF,546,.220,2839,Roger Kieschnick,18,6,,5,SF,0,.360,.286
45,6,1,OF,547,.222,727,Austin Kearns,14,6,,3,FA,0,.311,.327
25,1,0,3B,548,.240,1078,Pete Orr,6,2,,2,Mil,1,.280,.269
12,1,0,OF,549,.250,4731,Alfredo Marte,3,1,,1,Ari,0,.333,.308
0,0,0,"3B, 1B",550,.000,607,Michael Young,0,0,,0,FA,0,.000,.000
0,0,0,3B,551,.000,3733,Miguel Sano,0,0,,0,Min,0,.000,.000
--,--,--,2B,552,--,31,Omar Vizquel,--,--,,--,Tor,--,--,--
--,--,--,C,553,--,58,Ivan Rodriguez,--,--,,--,FA,--,--,--
--,--,--,DH,554,--,68,Jim Thome,--,--,,--,FA,--,--,--
--,--,--,DH,555,--,79,Matt Stairs,--,--,,--,Wsh,--,--,--
--,--,--,DH,556,--,126,Manny Ramirez,--,--,,--,Oak,--,--,--
--,--,--,3B,557,--,133,Chipper Jones,--,--,,--,Atl,--,--,--
--,--,--,3B,558,--,161,Alex Rodriguez,--,--,,--,NYY,--,--,--
--,--,--,OF,559,--,214,Johnny Damon,--,--,,--,Cle,--,--,--
--,--,--,OF,560,--,216,Mike Cameron,--,--,,--,Mia,--,--,--
--,--,--,DH,561,--,218,Jorge Posada,--,--,,--,NYY,--,--,--
--,--,--,2B,562,--,221,Juan Castro,--,--,,--,LAD,--,--,--
--,--,--,2B,563,--,235,Craig Counsell,--,--,,--,Mil,--,--,--
--,--,--,C,564,--,240,Jason Kendall,--,--,,--,FA,--,--,--
--,--,--,1B,565,--,244,Miguel Cairo,--,--,,--,FA,--,--,--
--,--,--,SS,566,--,247,Edgar Renteria,--,--,,--,FA,--,--,--
--,--,--,3B,567,--,262,Scott Rolen,--,--,,--,FA,--,--,--
--,--,--,OF,568,--,265,Andruw Jones,--,--,,--,FA,--,--,--
--,--,--,1B,569,--,273,Dmitri Young,--,--,,--,Wsh,--,--,--
--,--,--,DH,570,--,282,Vladimir Guerrero,--,--,,--,FA,--,--,--
--,--,--,1B,571,--,301,Derrek Lee,--,--,,--,FA,--,--,--
--,--,--,OF,572,--,321,Mark Kotsay,--,--,,--,FA,--,--,--
--,--,--,1B,573,--,327,Todd Helton,--,--,,--,Col,--,--,--
--,--,--,"2B, 3B",574,--,334,Miguel Tejada,--,--,,--,FA,--,--,--
--,--,--,OF,575,--,335,Magglio Ordonez,--,--,,--,FA,--,--,--
--,--,--,2B,576,--,339,Orlando Cabrera,--,--,,--,FA,--,--,--
--,--,--,C,577,--,346,Jason Varitek,--,--,,--,FA,--,--,--
--,--,--,3B,578,--,379,Alex Cora,--,--,,--,FA,--,--,--
--,--,--,1B,579,--,394,Alex Gonzalez,--,--,,--,Bal,--,--,--
--,--,--,3B,580,--,395,Wes Helms,--,--,,--,Mia,--,--,--
--,--,--,"2B, 3B",581,--,399,Mark DeRosa,--,--,,--,Tor,--,--,--
--,--,--,2B,582,--,403,Carlos Guillen,--,--,,--,FA,--,--,--
--,--,--,OF,583,--,409,J.D. Drew,--,--,,--,FA,--,--,--
--,--,--,"3B, OF",584,--,412,Jerry Hairston Jr.,--,--,,--,FA,--,--,--
--,--,--,1B,585,--,422,Russell Branyan,--,--,,--,NYY,--,--,--
--,--,--,1B,586,--,426,Carlos Lee,--,--,,--,FA,--,--,--
--,--,--,3B,587,--,450,Melvin Mora,--,--,,--,Ari,--,--,--
--,--,--,DH,588,--,454,Chris Woodward,--,--,,--,Tor,--,--,--
--,--,--,C,589,--,461,Ramon Hernandez,--,--,,--,KC,--,--,--
--,--,--,SS,590,--,464,John McDonald,--,--,,--,LAA,--,--,--
--,--,--,DH,591,--,469,Lance Berkman,--,--,,--,FA,--,--,--
--,--,--,3B,592,--,485,Geoff Blum,--,--,,--,Ari,--,--,--
--,--,--,3B,593,--,487,Casey Blake,--,--,,--,FA,--,--,--
--,--,--,3B,594,--,493,Adam Kennedy,--,--,,--,FA,--,--,--
--,--,--,C,595,--,496,Ramon Castro,--,--,,--,LAD,--,--,--
--,--,--,C,596,--,512,Rod Barajas,--,--,,--,FA,--,--,--
--,--,--,OF,597,--,517,Pat Burrell,--,--,,--,FA,--,--,--
--,--,--,3B,598,--,519,Adam Everett,--,--,,--,Cle,--,--,--
--,--,--,OF,599,--,526,Corey Patterson,--,--,,--,FA,--,--,--
--,--,--,DH,600,--,527,Nick Johnson,--,--,,--,FA,--,--,--
--,--,--,3B,601,--,528,Sean Burroughs,--,--,,--,Min,--,--,--
--,--,--,OF,602,--,532,Milton Bradley,--,--,,--,Sea,--,--,--
--,--,--,3B,603,--,536,Felipe Lopez,--,--,,--,Mil,--,--,--
--,--,--,3B,604,--,550,Julio Lugo,--,--,,--,Atl,--,--,--
--,--,--,C,605,--,557,Brian Schneider,--,--,,--,FA,--,--,--
--,--,--,OF,606,--,561,Scott Podsednik,--,--,,--,FA,--,--,--
--,--,--,DH,607,--,573,Wily Mo Pena,--,--,,--,FA,--,--,--
--,--,--,1B,608,--,580,Aubrey Huff,--,--,,--,FA,--,--,--
--,--,--,1B,609,--,588,Ross Gload,--,--,,--,FA,--,--,--
--,--,--,OF,610,--,606,Xavier Nady,--,--,,--,SD,--,--,--
--,--,--,OF,611,--,622,Jay Gibbons,--,--,,--,Mil,--,--,--
--,--,--,1B,612,--,628,Eric Hinske,--,--,,--,Ari,--,--,--
--,--,--,DH,613,--,630,Jack Cust,--,--,,--,Bal,--,--,--
--,--,--,2B,614,--,637,Brandon Inge,--,--,,--,Pit,--,--,--
--,--,--,SS,615,--,640,Jack Wilson,--,--,,--,Atl,--,--,--
--,--,--,OF,616,--,651,Jason Michaels,--,--,,--,FA,--,--,--
--,--,--,OF,617,--,667,Endy Chavez,--,--,,--,Sea,--,--,--
--,--,--,OF,618,--,671,Aaron Rowand,--,--,,--,Mia,--,--,--
--,--,--,C,619,--,676,Josh Bard,--,--,,--,FA,--,--,--
--,--,--,2B,620,--,708,Willie Harris,--,--,,--,Cin,--,--,--
--,--,--,C,621,--,709,Corky Miller,--,--,,--,Cin,--,--,--
--,--,--,1B,622,--,710,Juan Rivera,--,--,,--,FA,--,--,--
--,--,--,C,623,--,716,Mike Rivera,--,--,,--,Mil,--,--,--
--,--,--,C,624,--,719,Dane Sardinha,--,--,,--,Bal,--,--,--
--,--,--,2B,625,--,735,Orlando Hudson,--,--,,--,FA,--,--,--
--,--,--,OF,626,--,738,Jason Lane,--,--,,--,SD,--,--,--
--,--,--,2B,627,--,747,Alfredo Amezaga,--,--,,--,LAD,--,--,--
--,--,--,SS,628,--,749,Nick Green,--,--,,--,Mia,--,--,--
--,--,--,1B,629,--,764,Ryan Langerhans,--,--,,--,Tor,--,--,--
--,--,--,3B,630,--,770,Esteban German,--,--,,--,Tex,--,--,--
--,--,--,OF,631,--,774,Marcus Thames,--,--,,--,LAD,--,--,--
--,--,--,DH,632,--,797,Bill Hall,--,--,,--,FA,--,--,--
--,--,--,2B,633,--,799,Freddy Sanchez,--,--,,--,FA,--,--,--
--,--,--,SS,634,--,801,Ed Rogers,--,--,,--,Ari,--,--,--
--,--,--,3B,635,--,809,Jamey Carroll,--,--,,--,Wsh,--,--,--
--,--,--,DH,636,--,820,Hideki Matsui,--,--,,--,TB,--,--,--
--,--,--,3B,637,--,822,Kevin Youkilis,--,--,,--,FA,--,--,--
--,--,--,OF,638,--,823,Lew Ford,--,--,,--,Bal,--,--,--
--,--,--,C,639,--,836,Ronny Paulino,--,--,,--,Sea,--,--,--
--,--,--,1B,640,--,858,Hector Luna,--,--,,--,FA,--,--,--
--,--,--,OF,641,--,872,Robby Hammock,--,--,,--,Ari,--,--,--
--,--,--,OF,642,--,873,Reed Johnson,--,--,,--,Mia,--,--,--
--,--,--,OF,643,--,886,Jason Bay,--,--,,--,Sea,--,--,--
--,--,--,OF,644,--,889,Adam Loewen,--,--,,--,Tor,--,--,--
--,--,--,3B,645,--,892,Ray Olmedo,--,--,,--,TB,--,--,--
--,--,--,2B,646,--,896,Matt Kata,--,--,,--,Tex,--,--,--
--,--,--,OF,647,--,909,Matt Diaz,--,--,,--,FA,--,--,--
--,--,--,SS,648,--,933,Bobby Crosby,--,--,,--,Mil,--,--,--
--,--,--,C,649,--,935,Michel Hernandez,--,--,,--,Cle,--,--,--
--,--,--,2B,650,--,938,Aaron Miles,--,--,,--,FA,--,--,--
--,--,--,OF,651,--,963,Willy Taveras,--,--,,--,KC,--,--,--
--,--,--,C,652,--,966,Guillermo Quiroz,--,--,,--,SF,--,--,--
--,--,--,OF,653,--,974,Jeremy Reed,--,--,,--,Ari,--,--,--
--,--,--,1B,654,--,979,Andy Marte,--,--,,--,Ari,--,--,--
--,--,--,SS,655,--,999,Andres Blanco,--,--,,--,Phi,--,--,--
--,--,--,1B,656,--,1003,Brad Hawpe,--,--,,--,LAA,--,--,--
--,--,--,C,657,--,1018,Matt Treanor,--,--,,--,Cle,--,--,--
--,--,--,OF,658,--,1020,Cory Sullivan,--,--,,--,LAD,--,--,--
--,--,--,OF,659,--,1021,Joey Gathright,--,--,,--,Bos,--,--,--
--,--,--,1B,660,--,1025,Dallas McPherson,--,--,,--,LAD,--,--,--
--,--,--,3B,661,--,1033,Mark Teahen,--,--,,--,Ari,--,--,--
--,--,--,SS,662,--,1037,Brendan Harris,--,--,,--,LAD,--,--,--
--,--,--,1B,663,--,1042,Jorge Cantu,--,--,,--,LAA,--,--,--
--,--,--,SS,664,--,1050,Jason Bartlett,--,--,,--,Min,--,--,--
--,--,--,3B,665,--,1052,Jose Lopez,--,--,,--,FA,--,--,--
--,--,--,SS,666,--,1079,Wilson Valdez,--,--,,--,FA,--,--,--
--,--,--,DH,667,--,1082,Dan Johnson,--,--,,--,Tor,--,--,--
--,--,--,2B,668,--,1084,Mike Fontenot,--,--,,--,Wsh,--,--,--
--,--,--,OF,669,--,1086,Terry Tiffee,--,--,,--,Mia,--,--,--
--,--,--,C,670,--,1097,Paul Phillips,--,--,,--,Mil,--,--,--
--,--,--,C,671,--,1099,Justin Knoedler,--,--,,--,LAD,--,--,--
--,--,--,1B,672,--,1128,Conor Jackson,--,--,,--,Bal,--,--,--
--,--,--,1B,673,--,1133,Jason Stokes,--,--,,--,Mia,--,--,--
--,--,--,OF,674,--,1134,Jeremy Hermida,--,--,,--,Mil,--,--,--
--,--,--,1B,675,--,1136,Larry Broadway,--,--,,--,Wsh,--,--,--
--,--,--,"1B, 3B",676,--,1150,Yuniesky Betancourt,--,--,,--,FA,--,--,--
--,--,--,OF,677,--,1158,Jason Repko,--,--,,--,FA,--,--,--
--,--,--,DH,678,--,1160,Luke Scott,--,--,,--,FA,--,--,--
--,--,--,SS,679,--,1176,Pedro Lopez,--,--,,--,Cin,--,--,--
--,--,--,OF,680,--,1188,Jeff Fiorentino,--,--,,--,Oak,--,--,--
--,--,--,SS,681,--,1194,Luis Rodriguez,--,--,,--,LAA,--,--,--
--,--,--,C,682,--,1234,Eli Whiteside,--,--,,--,ChC,--,--,--
--,--,--,OF,683,--,1239,Adam Greenberg,--,--,,--,Bal,--,--,--
--,--,--,OF,684,--,1241,Ryan Spilborghs,--,--,,--,FA,--,--,--
--,--,--,DH,685,--,1251,Brad Eldred,--,--,,--,Det,--,--,--
--,--,--,OF,686,--,1260,Brandon Watson,--,--,,--,LAD,--,--,--
--,--,--,1B,687,--,1264,Mike Jacobs,--,--,,--,Ari,--,--,--
--,--,--,3B,688,--,1273,Joel Guzman,--,--,,--,TB,--,--,--
--,--,--,DH,689,--,1276,Willy Aybar,--,--,,--,TB,--,--,--
--,--,--,C,690,--,1289,Miguel Perez,--,--,,--,Pit,--,--,--
--,--,--,2B,691,--,1296,Josh Wilson,--,--,,--,Tex,--,--,--
--,--,--,2B,692,--,1303,Ryan Theriot,--,--,,--,FA,--,--,--
--,--,--,SS,693,--,1305,J.J. Furmaniak,--,--,,--,TB,--,--,--
--,--,--,SS,694,--,1313,Anderson Hernandez,--,--,,--,Pit,--,--,--
--,--,--,OF,695,--,1327,Felix Pie,--,--,,--,Pit,--,--,--
--,--,--,OF,696,--,1329,Lastings Milledge,--,--,,--,CWS,--,--,--
--,--,--,1B,697,--,1354,Travis Ishikawa,--,--,,--,Pit,--,--,--
--,--,--,SS,698,--,1355,Drew Meyer,--,--,,--,Hou,--,--,--
--,--,--,OF,699,--,1361,Reggie Willits,--,--,,--,LAA,--,--,--
--,--,--,C,700,--,1400,Eliezer Alfonzo,--,--,,--,LAD,--,--,--
--,--,--,2B,701,--,1412,Joe Inglett,--,--,,--,Hou,--,--,--
--,--,--,OF,702,--,1420,Tony Gwynn,--,--,,--,Phi,--,--,--
--,--,--,OF,703,--,1431,Brent Clevlen,--,--,,--,Ari,--,--,--
--,--,--,OF,704,--,1444,Buck Coats,--,--,,--,Wsh,--,--,--
--,--,--,1B,705,--,1453,Brian Dopirak,--,--,,--,Hou,--,--,--
--,--,--,OF,706,--,1454,Vinny Rottino,--,--,,--,FA,--,--,--
--,--,--,OF,707,--,1455,Fred Lewis,--,--,,--,NYM,--,--,--
--,--,--,3B,708,--,1465,Kevin Kouzmanoff,--,--,,--,Tex,--,--,--
--,--,--,3B,709,--,1468,Scott Moore,--,--,,--,StL,--,--,--
--,--,--,OF,710,--,1475,Delwyn Young,--,--,,--,CWS,--,--,--
--,--,--,OF,711,--,1479,Jeff Salazar,--,--,,--,TB,--,--,--
--,--,--,SS,712,--,1483,Oswaldo Navarro,--,--,,--,NYM,--,--,--
--,--,--,3B,713,--,1484,Josh Fields,--,--,,--,Phi,--,--,--
--,--,--,C,714,--,1485,Alvin Colina,--,--,,--,TB,--,--,--
--,--,--,C,715,--,1488,Hector Gimenez,--,--,,--,CWS,--,--,--
--,--,--,2B,716,--,1492,Angel Sanchez,--,--,,--,CWS,--,--,--
--,--,--,OF,717,--,1493,Mitch Maier,--,--,,--,ChC,--,--,--
--,--,--,OF,718,--,1519,Dewayne Wise,--,--,,--,CWS,--,--,--
--,--,--,2B,719,--,1527,Joe Thurston,--,--,,--,Hou,--,--,--
--,--,--,C,720,--,1562,Carlos Maldonado,--,--,,--,Wsh,--,--,--
--,--,--,3B,721,--,1625,Brooks Conrad,--,--,,--,TB,--,--,--
--,--,--,OF,722,--,1638,Ryan Goleski,--,--,,--,Cle,--,--,--
--,--,--,1B,723,--,1645,Bryan LaHair,--,--,,--,Cle,--,--,--
--,--,--,1B,724,--,1648,Wes Bankston,--,--,,--,Oak,--,--,--
--,--,--,SS,725,--,1649,Reid Brignac,--,--,,--,Phi,--,--,--
--,--,--,C,726,--,1656,Jesus Flores,--,--,,--,FA,--,--,--
--,--,--,3B,727,--,1660,Ian Stewart,--,--,,--,LAA,--,--,--
--,--,--,C,728,--,1662,Gustavo Molina,--,--,,--,Col,--,--,--
--,--,--,C,729,--,1666,Ryan Budde,--,--,,--,Ari,--,--,--
--,--,--,3B,730,--,1694,Matt Brown,--,--,,--,Min,--,--,--
--,--,--,C,731,--,1716,Brian Esposito,--,--,,--,Cin,--,--,--
--,--,--,C,732,--,1719,Curtis Thigpen,--,--,,--,Tor,--,--,--
--,--,--,OF,733,--,1737,Brett Carroll,--,--,,--,Pit,--,--,--
--,--,--,2B,734,--,1739,Kevin Melillo,--,--,,--,LAA,--,--,--
--,--,--,SS,735,--,1747,Luis Hernandez,--,--,,--,Cle,--,--,--
--,--,--,OF,736,--,1609,Eric Patterson,--,--,,--,Det,--,--,--
--,--,--,DH,737,--,1614,Ben Francisco,--,--,,--,NYY,--,--,--
--,--,--,3B,738,--,1625,Brooks Conrad,--,--,,--,TB,--,--,--
--,--,--,OF,739,--,1638,Ryan Goleski,--,--,,--,Cle,--,--,--
--,--,--,1B,740,--,1645,Bryan LaHair,--,--,,--,Cle,--,--,--
--,--,--,1B,741,--,1648,Wes Bankston,--,--,,--,Oak,--,--,--
--,--,--,SS,742,--,1649,Reid Brignac,--,--,,--,Phi,--,--,--
--,--,--,C,743,--,1656,Jesus Flores,--,--,,--,FA,--,--,--
--,--,--,3B,744,--,1660,Ian Stewart,--,--,,--,LAA,--,--,--
--,--,--,C,745,--,1662,Gustavo Molina,--,--,,--,Col,--,--,--
--,--,--,C,746,--,1666,Ryan Budde,--,--,,--,Ari,--,--,--
--,--,--,3B,747,--,1694,Matt Brown,--,--,,--,Min,--,--,--
--,--,--,C,748,--,1716,Brian Esposito,--,--,,--,Cin,--,--,--
--,--,--,C,749,--,1719,Curtis Thigpen,--,--,,--,Tor,--,--,--
--,--,--,OF,750,--,1737,Brett Carroll,--,--,,--,Pit,--,--,--
