bb,ip,pos,rank,k_per_9,id,hd,name,starts,k,sv,games,era,w,team,whip
59,231.0,SP,1,9.16,1879,0,Clayton Kershaw,33,235,0,33,2.77,20,LAD,1.05
79,210.0,SP,2,11.40,4529,0,Yu Darvish,33,266,0,33,3.21,19,Tex,1.16
39,235.0,SP,3,8.69,811,0,Cliff Lee,33,227,0,33,3.10,14,Phi,1.08
41,221.0,SP,4,8.51,844,0,Adam Wainwright,34,209,0,34,3.18,19,StL,1.10
56,224.0,SP,5,9.28,1129,0,Felix Hernandez,33,231,0,33,3.09,16,Sea,1.13
56,210.0,SP,6,9.90,1870,0,Max Scherzer,33,231,0,33,3.34,16,Det,1.12
54,194.0,SP,7,10.35,2698,0,Stephen Strasburg,33,223,0,33,3.25,15,Wsh,1.11
49,226.0,SP,8,8.12,1864,0,David Price,33,204,0,33,3.23,17,TB,1.13
52,213.0,SP,9,9.59,3387,0,Chris Sale,32,227,0,32,3.25,13,CWS,1.11
53,207.0,SP,10,8.91,2584,0,Madison Bumgarner,32,205,0,32,3.30,14,SF,1.13
19,65.0,RP,11,15.37,3056,0,Craig Kimbrel,0,111,47,66,1.66,5,Atl,0.88
61,183.0,SP,12,10.38,5058,0,Jose Fernandez,32,211,0,32,3.15,13,Mia,1.16
54,207.0,SP,13,8.57,957,0,Zack Greinke,33,197,0,33,3.22,16,LAD,1.18
27,71.0,RP,14,15.85,2798,0,Aroldis Chapman,0,125,44,73,2.28,5,Cin,0.94
22,71.0,RP,15,14.96,2648,0,Kenley Jansen,0,118,43,69,2.41,6,LAD,0.94
61,209.0,SP,16,8.18,1233,0,Justin Verlander,31,190,0,31,3.23,15,Det,1.17
53,194.0,SP,17,9.05,1324,0,Anibal Sanchez,31,195,0,31,3.34,15,Det,1.19
23,68.0,RP,18,13.90,3384,0,Greg Holland,0,105,42,64,1.99,6,KC,1.01
58,216.0,SP,19,7.79,3021,0,Mike Minor,33,187,0,33,3.33,14,Atl,1.18
53,214.0,SP,20,7.86,1610,0,Homer Bailey,33,187,0,33,3.57,16,Cin,1.20
54,205.0,SP,21,7.86,1137,0,Matt Cain,32,179,0,32,3.51,13,SF,1.14
66,234.0,SP,22,7.85,1392,0,James Shields,34,204,0,34,3.58,15,KC,1.23
62,214.0,SP,23,8.03,2490,0,Mat Latos,33,191,0,33,3.57,15,Cin,1.22
77,207.0,SP,24,8.83,1878,0,Gio Gonzalez,33,203,0,33,3.57,15,Wsh,1.25
40,213.0,SP,25,6.89,2512,0,Jordan Zimmermann,33,163,0,33,3.55,14,Wsh,1.16
51,210.0,SP,26,7.11,1331,0,Jered Weaver,32,166,0,32,3.73,16,LAA,1.18
50,205.0,SP,27,8.21,5655,0,Masahiro Tanaka,33,187,0,33,3.64,16,NYY,1.22
65,196.0,SP,28,8.68,3161,0,Shelby Miller,33,189,0,33,3.40,14,StL,1.23
47,202.0,SP,29,7.40,2676,0,Kris Medlen,33,166,0,33,3.30,14,Atl,1.20
40,214.0,SP,30,6.90,2694,0,Doug Fister,33,164,0,33,3.49,14,Wsh,1.18
53,195.0,SP,31,8.49,4554,0,Gerrit Cole,33,184,0,33,3.65,14,Pit,1.19
20,68.0,RP,32,11.38,4418,0,Trevor Rosenthal,0,86,37,64,2.51,4,StL,1.03
67,207.0,SP,33,7.74,3548,0,Alex Cobb,33,178,0,33,3.61,15,TB,1.27
16,62.0,RP,34,9.73,441,0,Joe Nathan,0,67,42,65,2.76,5,Det,1.02
7,55.0,RP,35,11.13,2398,0,Koji Uehara,0,68,33,55,2.45,4,Bos,0.80
55,202.0,SP,36,7.40,5078,0,Hyun-Jin Ryu,31,166,0,31,3.52,14,LAD,1.24
48,196.1,SP,37,7.61,4503,0,Hisashi Iwakuma,31,166,0,31,3.30,13,Sea,1.17
53,196.0,SP,38,7.53,3553,0,Julio Teheran,32,164,0,32,3.72,14,Atl,1.21
80,180.0,SP,39,9.05,3561,0,Matt Moore,31,181,0,31,3.40,12,TB,1.27
11,63.0,RP,40,10.00,1979,0,Sergio Romo,0,70,37,77,2.57,4,SF,0.98
81,216.0,SP,41,9.08,2009,0,Jeff Samardzija,33,218,0,33,3.79,12,ChC,1.29
17,63.0,RP,42,10.57,1334,0,Glen Perkins,0,74,39,63,2.57,4,Min,1.05
66,228.0,SP,43,6.91,658,0,R.A. Dickey,34,175,0,34,3.87,15,Tor,1.24
21,67.0,RP,44,11.55,1983,5,David Robertson,0,86,31,71,2.55,5,NYY,1.09
48,197.0,SP,45,8.31,1148,0,Cole Hamels,29,182,0,29,3.38,13,Phi,1.14
13,65.0,RP,46,10.25,1255,0,Jonathan Papelbon,0,74,34,64,2.35,3,Phi,1.00
51,170.0,SP,47,7.99,5135,0,Michael Wacha,29,151,0,29,3.55,12,StL,1.21
69,210.0,SP,48,7.71,1403,0,Jon Lester,33,180,0,33,3.90,16,Bos,1.30
19,68.0,RP,49,9.26,3979,0,Addison Reed,0,70,39,69,2.91,4,Ari,1.10
49,175.0,SP,50,7.20,2402,0,Andrew Cashner,30,140,0,30,3.55,11,SD,1.19
58,207.0,SP,51,8.00,601,0,CC Sabathia,30,184,0,30,4.04,14,NYY,1.27
17,71.0,RP,52,6.34,1429,0,Jim Johnson,0,50,42,66,2.92,5,Oak,1.11
20,59.0,RP,53,12.05,555,0,Jason Grilli,0,79,36,61,2.75,3,Pit,1.10
50,205.0,SP,54,6.45,1861,0,Hiroki Kuroda,32,147,0,32,3.82,14,NYY,1.23
82,212.0,SP,55,7.94,1214,0,C.J. Wilson,33,187,0,33,3.78,15,LAA,1.34
45,157.0,SP,56,8.66,1427,0,Matt Garza,26,151,0,26,3.84,12,Mil,1.24
23,66.0,RP,57,9.55,688,0,Grant Balfour,0,70,36,68,3.00,4,TB,1.15
64,154.0,SP,58,9.18,4611,0,Tony Cingrani,29,157,0,29,3.51,10,Cin,1.27
32,176.0,SP,59,7.72,902,0,Dan Haren,30,151,0,30,3.99,10,LAD,1.18
12,57.0,RP,60,8.84,1367,0,Casey Janssen,0,56,33,57,3.00,5,Tor,1.05
69,188.0,SP,61,7.71,3740,0,Zack Wheeler,32,161,0,32,3.78,13,NYM,1.29
18,67.0,RP,62,7.93,624,0,Rafael Soriano,0,59,40,69,3.09,4,Wsh,1.16
47,158.0,SP,63,9.51,4570,0,Danny Salazar,26,167,0,26,3.82,10,Cle,1.26
13,57.0,RP,64,9.32,1113,0,Huston Street,0,59,34,59,2.53,3,SD,1.07
62,174.0,SP,65,7.71,4555,0,Sonny Gray,31,149,0,31,3.67,14,Oak,1.31
25,66.0,RP,66,9.41,3404,2,Steve Cishek,0,69,34,64,2.86,4,Mia,1.18
31,67.0,RP,67,12.09,2281,0,Ernesto Frieri,0,90,34,65,3.36,4,LAA,1.24
51,203.0,SP,68,7.32,3787,0,Patrick Corbin,33,165,0,33,3.95,12,Ari,1.26
20,67.0,RP,69,8.19,2058,0,Bobby Parnell,0,61,34,68,2.96,5,NYM,1.18
40,154.0,SP,70,6.72,1873,0,Johnny Cueto,26,115,0,26,3.45,11,Cin,1.21
35,154.0,SP,71,7.54,731,0,Jake Peavy,24,129,0,24,3.92,11,Bos,1.18
82,212.0,SP,72,7.81,1888,0,Justin Masterson,33,184,0,33,3.95,13,Cle,1.33
61,172.0,SP,73,7.59,5053,0,Dan Straily,31,145,0,31,3.72,11,Oak,1.26
29,63.0,RP,74,9.57,765,0,Fernando Rodney,0,67,31,65,3.14,4,Sea,1.25
76,173.0,SP,75,9.10,1145,0,Francisco Liriano,30,175,0,30,3.80,11,Pit,1.32
76,194.0,SP,76,9.05,491,0,A.J. Burnett,29,195,0,29,3.99,11,Phi,1.31
64,186.0,SP,77,6.77,1774,0,Clay Buchholz,28,140,0,28,3.82,14,Bos,1.29
40,147.0,SP,78,8.63,2028,0,Marco Estrada,26,141,0,26,3.98,10,Mil,1.21
26,68.0,RP,79,10.99,2707,5,John Axford,0,83,32,73,3.18,4,Cle,1.26
54,168.0,RP,80,7.98,4290,0,Drew Smyly,29,149,0,29,3.91,12,Det,1.27
69,202.0,SP,81,6.64,2595,0,Jarrod Parker,33,149,0,33,3.79,13,Oak,1.30
68,176.0,SP,82,8.59,3257,0,Lance Lynn,31,168,0,31,3.84,12,StL,1.34
59,204.0,SP,83,7.06,1191,0,Ervin Santana,31,160,0,31,4.10,12,FA,1.27
48,188.0,SP,84,6.99,781,0,John Lackey,31,146,0,31,4.16,13,Bos,1.27
72,209.0,SP,85,7.28,2691,0,Chris Tillman,33,169,0,33,4.09,13,Bal,1.32
20,51.0,RP,86,9.71,2424,2,Neftali Feliz,0,55,29,32,2.65,3,Tex,1.12
68,209.0,SP,87,7.28,2746,0,Ivan Nova,33,169,0,33,4.05,14,NYY,1.34
28,69.0,RP,88,9.39,3600,8,Nate Jones,0,72,26,63,3.26,5,CWS,1.25
27,63.0,RP,89,10.14,3638,3,Jim Henderson,0,71,34,67,3.29,3,Mil,1.27
35,69.0,RP,90,10.96,3545,15,Rex Brothers,0,84,20,76,2.74,5,Col,1.30
71,172.0,SP,91,8.16,3462,0,Chris Archer,30,156,0,30,3.82,11,TB,1.33
44,193.0,SP,92,6.48,2271,0,Rick Porcello,33,139,0,33,4.01,12,Det,1.27
13,70.0,RP,93,6.30,2011,7,Tommy Hunter,0,49,24,64,3.09,4,Bal,1.10
72,188.0,SP,94,8.28,1592,0,Yovani Gallardo,31,173,0,31,4.16,12,Mil,1.34
21,68.0,RP,95,10.72,617,22,Joaquin Benoit,0,81,9,70,2.91,4,SD,1.09
28,65.0,RP,96,9.83,1410,6,Jose Veras,0,71,26,71,3.18,4,ChC,1.26
28,158.0,SP,97,5.75,293,0,Bartolo Colon,25,101,0,25,3.65,10,NYM,1.22
23,69.0,RP,98,10.43,4665,18,Cody Allen,0,80,7,72,2.74,6,Cle,1.19
76,189.0,SP,99,9.00,1647,0,Tim Lincecum,31,189,0,31,4.10,10,SF,1.35
24,72.0,RP,100,9.75,1636,31,Tyler Clippard,0,78,3,68,3.25,5,Wsh,1.07
36,112.0,"SP, RP",101,8.20,5114,0,Alex Wood,20,102,0,31,3.13,8,Atl,1.25
22,64.0,RP,102,10.97,3003,15,Danny Farquhar,0,78,14,63,3.52,4,Sea,1.20
13,68.0,RP,103,8.21,2174,24,Mark Melancon,0,62,10,66,3.04,5,Pit,1.12
59,205.0,SP,104,6.67,2407,0,Dillon Gee,33,152,0,33,4.04,12,NYM,1.31
14,68.0,RP,105,5.29,177,10,LaTroy Hawkins,0,40,18,72,3.57,4,Col,1.25
42,204.0,SP,106,5.60,682,0,Kyle Lohse,33,127,0,33,4.06,12,Mil,1.26
17,46.0,RP,107,10.96,970,9,Jesse Crain,0,56,8,46,2.15,3,Hou,1.11
49,134.0,SP,108,8.19,3403,0,Brandon Beachy,22,122,0,22,3.83,8,Atl,1.25
55,194.0,SP,109,6.73,5047,0,A.J. Griffin,33,145,0,33,4.31,12,Oak,1.30
60,205.0,SP,110,6.23,3556,0,Wade Miley,33,142,0,33,4.04,12,Ari,1.33
93,192.0,SP,111,8.58,1494,0,Ubaldo Jimenez,32,183,0,32,4.22,11,Bal,1.43
33,64.0,RP,112,9.14,2604,14,Pedro Strop,0,65,9,69,3.80,4,ChC,1.36
55,180.0,SP,113,7.10,2057,0,Jonathon Niese,30,142,0,30,3.80,11,NYM,1.30
65,201.0,SP,114,7.84,1785,0,Ian Kennedy,33,175,0,33,4.16,11,SD,1.32
48,215.0,SP,115,5.61,574,0,Mark Buehrle,34,134,0,34,4.06,13,Tor,1.28
58,139.0,SP,116,7.25,4338,0,Taijuan Walker,24,112,0,24,3.95,8,Sea,1.33
54,183.0,SP,117,5.70,455,0,Tim Hudson,29,116,0,29,4.03,10,SF,1.28
44,195.0,SP,118,6.78,1342,0,Ricky Nolasco,32,147,0,32,4.15,11,Min,1.27
44,171.0,SP,119,7.37,1580,0,Phil Hughes,31,140,0,31,4.26,9,Min,1.29
48,134.0,SP,120,8.60,1302,0,Josh Johnson,24,128,0,24,4.03,7,SD,1.31
53,171.0,SP,121,7.84,3440,0,Corey Kluber,30,149,0,30,4.53,9,Cle,1.35
17,51.0,RP,122,9.71,919,19,J.J. Putz,0,55,3,54,3.18,3,Ari,1.18
15,65.0,RP,123,8.72,1901,15,Darren O'Day,0,63,8,68,3.05,5,Bal,1.09
69,202.0,SP,124,6.59,2891,0,Travis Wood,33,148,0,33,4.19,10,ChC,1.31
60,172.0,SP,125,5.28,3560,0,Martin Perez,30,101,0,30,4.60,10,Tex,1.44
53,127.0,SP,126,7.09,4350,0,Yordano Ventura,25,100,0,25,3.83,8,KC,1.34
47,197.0,SP,127,5.66,2829,0,Mike Leake,32,124,0,32,4.25,11,Cin,1.31
38,201.0,SP,128,4.93,566,0,Bronson Arroyo,31,110,0,31,4.25,11,Ari,1.27
21,71.0,RP,129,5.70,1957,15,Brad Ziegler,0,45,1,78,2.92,6,Ari,1.20
70,192.0,SP,130,6.05,2422,0,Jhoulys Chacin,32,129,0,32,4.13,12,Col,1.38
45,126.0,SP,131,8.64,980,0,Scott Kazmir,24,121,0,24,4.21,7,Oak,1.33
18,60.0,RP,132,10.80,1876,16,Jake McGee,0,72,7,73,3.30,4,TB,1.12
27,55.0,SP,133,6.55,5006,0,Archie Bradley,11,40,0,11,3.27,4,Ari,1.40
47,149.0,SP,134,7.61,529,0,Josh Beckett,26,126,0,26,4.17,8,LAD,1.28
59,183.0,SP,135,6.44,2124,0,Miguel Gonzalez,30,131,0,30,4.18,11,Bal,1.30
21,65.0,RP,136,8.86,1075,6,Heath Bell,0,64,18,70,4.02,4,TB,1.32
55,172.0,SP,137,6.54,2882,0,Jeremy Hellickson,30,125,0,30,4.24,10,TB,1.33
31,89.0,SP,138,6.67,4136,0,Jake Odorizzi,15,66,0,15,4.55,5,TB,1.37
14,65.0,RP,139,9.14,3421,24,Sean Doolittle,0,66,1,64,3.18,4,Oak,1.03
35,75.0,RP,140,9.72,4579,22,A.J. Ramos,0,81,5,66,3.48,4,Mia,1.27
55,132.0,"SP, RP",141,7.16,2369,0,Tyson Ross,22,105,0,22,4.16,7,SD,1.36
82,184.0,SP,142,6.80,3604,0,Wily Peralta,33,139,0,33,4.45,11,Mil,1.43
24,62.0,RP,143,9.58,1630,14,Joakim Soria,0,66,11,64,3.77,4,Tex,1.24
58,195.0,SP,144,6.78,4581,0,Jose Quintana,33,147,0,33,4.11,10,CWS,1.29
50,85.0,SP,145,7.41,4485,0,Trevor Bauer,17,70,0,17,4.66,4,Cle,1.58
37,141.0,SP,146,6.19,1196,0,Wandy Rodriguez,25,97,0,25,3.89,8,Pit,1.28
25,61.0,RP,147,9.44,4533,22,Kevin Siegrist,0,64,1,70,3.54,5,StL,1.18
23,107.0,"RP, SP",148,7.74,5164,3,Kevin Gausman,16,92,1,26,4.21,6,Bal,1.23
23,56.0,RP,149,8.36,1362,22,Brian Wilson,0,52,3,61,3.21,4,LAD,1.29
8,65.0,RP,150,6.65,1411,24,Edward Mujica,0,48,4,64,3.32,4,Bos,1.08
39,113.0,SP,151,8.20,1668,0,Brandon Morrow,20,103,0,20,4.14,7,Tor,1.29
25,67.0,RP,152,10.75,2328,19,David Hernandez,0,80,1,70,3.76,4,Ari,1.21
19,64.0,RP,153,6.19,1043,5,Chad Qualls,0,44,7,69,3.80,4,Hou,1.30
63,209.0,SP,154,5.68,1242,0,Jason Vargas,33,132,0,33,4.18,12,KC,1.32
21,59.0,RP,155,9.76,814,4,Francisco Rodriguez,0,64,15,62,3.36,4,Mil,1.25
38,103.0,SP,156,8.48,3381,0,Michael Pineda,20,97,0,20,4.37,6,NYY,1.27
43,120.0,"SP, RP",157,5.63,4465,0,Joe Kelly,20,75,0,20,3.90,8,StL,1.40
48,162.0,SP,158,5.89,1867,0,Matt Harrison,28,106,0,28,4.17,11,Tex,1.33
75,168.0,"SP, RP",159,8.30,3167,0,Hector Santiago,30,155,0,30,3.86,10,LAA,1.38
62,188.0,SP,160,7.42,946,0,Edwin Jackson,32,155,0,32,4.31,9,ChC,1.35
15,67.0,RP,161,9.13,2365,23,Junichi Tazawa,0,68,1,65,3.36,5,Bos,1.18
54,186.0,SP,162,6.63,1263,0,Scott Feldman,33,137,0,33,4.35,9,Hou,1.28
20,67.0,RP,163,9.54,4499,16,Kelvin Herrera,0,71,1,64,3.22,4,KC,1.15
17,65.0,RP,164,8.45,2922,23,Drew Storen,0,61,3,69,4.15,4,Wsh,1.22
14,45.0,RP,165,10.40,2192,15,Sergio Santos,0,52,2,47,4.00,2,Tor,1.09
25,143.0,SP,166,5.60,1126,0,Brandon McCarthy,23,89,0,23,4.22,8,Ari,1.27
72,171.0,SP,167,6.42,3643,0,Nate Eovaldi,30,122,0,30,4.21,8,Mia,1.42
24,92.0,SP,168,7.24,1997,0,Jaime Garcia,15,74,0,15,3.72,6,StL,1.25
27,68.0,RP,169,8.74,5045,15,J.J. Hoover,0,66,2,68,3.31,4,Cin,1.18
64,170.0,SP,170,6.19,971,0,Jorge De La Rosa,31,117,0,31,4.18,10,Col,1.40
74,185.0,SP,171,6.62,2324,0,Trevor Cahill,31,136,0,31,4.28,11,Ari,1.39
32,64.0,RP,172,8.16,2519,12,Josh Fields,0,58,4,69,4.36,2,Hou,1.36
25,64.0,RP,173,5.77,3953,25,Luis Avilan,0,41,0,67,4.08,5,Atl,1.34
37,106.0,SP,174,6.37,4652,0,Erik Johnson,20,75,0,20,3.82,6,CWS,1.33
55,148.0,"SP, RP",175,7.97,3586,0,David Phelps,25,131,0,28,4.07,10,NYY,1.30
8,35.0,RP,176,10.03,2072,8,Jason Motte,0,39,6,37,3.09,2,StL,1.03
24,83.0,RP,177,7.37,4525,4,Robbie Ross,11,68,0,38,3.47,7,Tex,1.27
53,166.0,SP,178,6.72,2934,0,Zach McAllister,30,124,0,30,4.12,10,Cle,1.34
21,56.0,RP,179,10.61,2133,18,Jordan Walden,0,66,1,60,3.38,4,Atl,1.20
21,69.0,RP,180,6.91,2814,25,Tanner Scheppers,0,53,3,73,3.52,5,Tex,1.25
7,20.0,SP,181,6.30,3731,0,Jameson Taillon,4,14,0,4,4.05,1,Pit,1.40
71,188.0,SP,182,7.80,2692,0,Bud Norris,32,163,0,33,4.07,11,Bal,1.36
18,52.0,RP,183,6.23,3819,14,Carlos Martinez,0,36,0,38,3.63,4,StL,1.29
47,192.0,SP,184,5.67,1470,0,Eric Stults,32,121,0,32,4.03,10,SD,1.28
59,167.0,"SP, RP",185,5.87,3344,0,Garrett Richards,28,109,0,28,4.42,10,LAA,1.40
30,105.0,SP,186,7.63,2423,0,Derek Holland,16,89,0,16,4.03,7,Tex,1.27
26,68.0,RP,187,9.40,1197,28,Joel Peralta,0,71,4,75,3.57,3,TB,1.15
43,170.0,SP,188,4.82,3509,0,Henderson Alvarez,28,91,0,28,4.13,8,Mia,1.30
50,175.0,SP,189,6.89,4522,0,Wei-Yin Chen,30,134,0,30,4.06,11,Bal,1.27
23,86.0,RP,190,7.64,3552,3,Josh Collmenter,0,73,0,49,3.45,5,Ari,1.19
15,50.0,SP,191,8.64,5185,0,Kyle Zimmer,10,48,0,10,3.60,3,KC,1.22
61,161.0,SP,192,6.48,3555,0,Randall Delgado,28,116,0,28,4.75,8,Ari,1.41
50,181.0,SP,193,5.72,1729,0,Kyle Kendrick,32,115,0,32,4.08,10,Phi,1.31
31,90.0,SP,194,7.50,3693,0,Tyler Skaggs,17,75,0,17,3.80,6,LAA,1.29
10,37.0,RP,195,7.54,5314,0,Marcus Stroman,7,31,0,7,4.38,2,Tor,1.30
58,161.0,SP,196,7.04,2887,0,Juan Nicasio,31,126,0,31,4.53,9,Col,1.42
69,151.0,SP,197,6.68,4453,0,James Paxton,27,112,0,27,4.17,8,Sea,1.44
26,67.0,RP,198,8.87,4018,20,Ryan Cook,0,66,1,70,3.22,5,Oak,1.24
27,86.0,SP,199,7.95,985,0,Gavin Floyd,16,76,0,16,4.08,5,Atl,1.29
63,170.0,SP,200,5.61,2914,0,Jacob Turner,30,106,0,30,4.18,8,Mia,1.39
49,168.0,SP,201,6.00,1574,0,John Danks,27,112,0,27,4.71,8,CWS,1.36
56,161.0,SP,202,6.65,592,0,Ryan Vogelsong,28,119,0,28,4.14,9,SF,1.35
18,70.0,RP,203,6.56,3400,25,Brandon Kintzler,0,51,6,61,3.73,5,Mil,1.21
34,116.0,SP,204,6.44,4456,0,Erasmo Ramirez,22,83,0,22,4.42,6,Sea,1.37
17,55.0,SP,205,6.55,2937,6,Alexi Ogando,0,40,2,19,4.25,4,Tex,1.27
26,71.0,RP,206,7.73,2977,15,Bryan Shaw,0,61,3,73,3.68,4,Cle,1.30
22,84.0,"SP, RP",207,5.57,5061,0,Tanner Roark,15,52,0,15,4.61,4,Wsh,1.31
20,65.0,RP,208,7.89,2653,23,Luke Gregerson,0,57,2,71,3.32,4,Oak,1.20
57,161.0,SP,209,5.65,1970,0,Charlie Morton,28,101,0,28,3.97,9,Pit,1.35
28,64.0,RP,210,8.86,4416,20,Bruce Rondon,0,63,3,67,3.38,4,Det,1.31
67,136.0,SP,211,7.88,3576,0,Danny Duffy,27,119,0,27,4.24,8,KC,1.43
25,92.0,SP,212,5.38,1812,0,Ross Detwiler,14,55,0,30,4.11,5,Wsh,1.32
61,139.0,SP,213,8.03,2336,0,Felix Doubront,23,124,0,31,4.27,9,Bos,1.40
22,87.0,SP,214,7.24,1177,0,Scott Baker,11,70,0,11,3.83,6,Sea,1.21
32,66.0,RP,215,9.27,4240,20,Vic Black,0,68,6,70,3.55,6,NYM,1.36
5,20.0,SP,216,8.55,4209,0,Noah Syndergaard,4,19,0,4,4.05,1,NYM,1.20
25,84.0,SP,217,6.75,4266,2,Robbie Erlin,8,63,0,27,4.61,4,SD,1.39
63,215.0,SP,218,4.90,818,0,Jeremy Guthrie,34,117,0,34,4.44,11,KC,1.40
27,53.0,RP,219,8.66,4210,5,Daniel Webb,0,51,2,42,4.08,3,CWS,1.43
23,68.0,RP,220,6.09,2308,10,Ryan Webb,0,46,3,66,3.71,4,Bal,1.32
18,69.0,SP,221,6.13,5646,0,Mark Appel,12,47,0,12,4.43,4,Hou,1.28
23,68.0,RP,222,8.74,3415,17,David Carpenter,0,66,1,67,3.44,4,Atl,1.25
17,54.0,RP,223,6.67,2980,15,James Russell,0,40,0,43,3.50,3,ChC,1.24
15,58.0,RP,224,8.84,2148,15,Casey Fien,0,57,0,64,4.03,4,Min,1.16
57,131.0,SP,225,7.28,4072,0,Brad Peacock,26,106,0,26,4.74,6,Hou,1.40
11,37.0,SP,226,6.57,5301,0,Matthew Wisler,7,27,0,7,3.65,2,SD,1.22
20,52.0,RP,227,10.56,5073,18,Paco Rodriguez,0,61,0,74,2.94,3,LAD,1.08
15,63.0,SP,228,5.86,5202,0,Vidal Nuno,11,41,0,16,3.29,4,NYY,1.16
46,110.0,SP,229,6.38,3530,0,Jeff Locke,18,78,0,25,4.17,6,Pit,1.40
13,32.0,RP,230,7.88,890,0,Jose Valverde,6,28,0,6,3.66,2,NYM,1.28
33,69.0,RP,231,8.09,3437,17,Dane De La Rosa,0,62,2,71,4.17,5,LAA,1.33
22,70.0,RP,232,6.69,1141,5,Tim Stauffer,0,52,0,40,4.11,4,SD,1.30
6,28.0,RP,233,9.32,5079,0,Kyuji Fujikawa,0,29,0,28,4.18,2,ChC,1.07
37,114.0,"SP, RP",234,5.37,4289,1,Dallas Keuchel,16,68,0,28,4.74,5,Hou,1.40
50,166.0,SP,235,6.13,1274,0,Paul Maholm,27,113,0,27,4.28,9,LAD,1.35
17,42.0,SP,236,7.50,5706,0,Jonathan Gray,8,35,0,8,5.36,2,Col,1.48
36,95.0,"RP, SP",237,6.82,2316,0,Brett Anderson,15,72,0,15,4.74,5,Col,1.39
39,114.0,SP,238,5.61,2929,0,Jenrry Mejia,20,71,0,23,3.79,7,NYM,1.33
23,55.0,RP,239,7.69,1215,12,J.P. Howell,0,47,0,64,3.44,4,LAD,1.25
21,101.0,SP,240,7.04,4186,0,Tommy Milone,12,79,0,30,3.83,6,Oak,1.23
19,55.0,RP,241,9.65,923,9,Neal Cotts,0,59,0,56,2.78,5,Tex,1.11
22,58.0,SP,242,7.29,1328,1,Chad Billingsley,6,47,0,17,4.03,3,LAD,1.34
13,38.0,SP,243,8.76,5583,0,Burch Smith,2,37,0,24,4.26,2,SD,1.32
6,20.0,SP,244,4.95,5169,0,Andrew Heaney,4,11,0,4,4.05,1,Mia,1.35
72,152.0,SP,245,7.16,1277,0,Edinson Volquez,28,121,0,28,4.80,7,Pit,1.49
18,61.0,SP,246,7.08,2352,0,Todd Redmond,8,48,0,22,4.57,3,Tor,1.33
32,65.0,RP,247,7.75,4001,10,Tom Wilhelmsen,0,56,8,60,4.43,3,Sea,1.38
34,101.0,"RP, SP",248,7.57,1388,2,Carlos Villanueva,8,85,0,48,4.10,5,ChC,1.30
23,50.0,SP,249,7.38,4649,0,Alex Meyer,10,41,0,10,4.50,2,Min,1.42
32,97.0,SP,250,7.98,546,0,Johan Santana,17,86,0,17,4.36,5,Bal,1.31
14,35.0,RP,251,7.97,4314,7,Heath Hembree,0,31,3,41,4.37,2,SF,1.34
17,51.0,RP,252,8.12,4021,14,Nick Vincent,0,46,0,51,3.53,4,SD,1.20
22,65.0,RP,253,8.17,1667,28,Jared Burton,0,59,2,69,3.46,3,Min,1.22
23,78.0,SP,254,6.12,5196,0,Nick Tepesch,15,53,0,15,4.96,4,Tex,1.40
24,73.0,"RP, SP",255,6.90,2602,6,Carlos Torres,5,56,0,53,4.68,4,NYM,1.34
24,50.0,RP,256,11.70,2374,15,Antonio Bastardo,0,65,1,58,3.06,3,Phi,1.20
10,28.0,SP,257,7.07,5330,0,Eddie Butler,6,22,0,6,4.18,2,Col,1.39
75,136.0,SP,258,6.02,2346,0,Samuel Deduno,24,91,0,24,4.57,7,Min,1.53
23,65.0,RP,259,7.20,1664,24,Joe Smith,0,52,4,70,3.18,5,LAA,1.23
12,50.0,RP,260,6.66,5125,0,Rafael Montero,10,37,0,10,3.60,3,NYM,1.22
24,71.0,"SP, RP",261,6.72,1881,0,Carlos Carrasco,13,53,0,14,4.69,4,Cle,1.38
19,66.0,RP,262,7.50,3997,17,Tony Watson,0,55,1,71,3.41,5,Pit,1.14
28,59.0,RP,263,9.00,2893,8,Blake Parker,0,59,2,64,4.12,3,ChC,1.39
23,62.0,RP,264,10.16,2658,19,Shawn Kelley,0,70,3,64,3.34,4,NYY,1.19
44,56.0,RP,265,11.25,1402,0,Carlos Marmol,0,70,0,56,4.02,3,Mia,1.57
13,66.0,RP,266,6.55,4883,7,Aaron Loup,0,48,0,64,3.00,4,Tor,1.12
22,64.0,SP,267,5.34,4323,0,Jonathan Pettibone,12,38,0,12,4.22,4,Phi,1.38
37,61.0,RP,268,9.00,3587,10,Alex Torres,0,61,3,40,4.43,4,SD,1.43
58,141.0,SP,269,5.36,2952,0,Tyler Chatwood,25,84,0,31,4.28,8,Col,1.46
17,77.0,SP,270,6.78,1322,2,Yusmeiro Petit,3,58,0,38,4.32,5,SF,1.29
25,55.0,RP,271,7.85,1767,10,Joba Chamberlain,0,48,0,56,4.58,4,Det,1.55
16,61.0,SP,272,6.05,5136,0,Tyler Lyons,0,41,0,44,4.28,3,StL,1.23
21,61.0,RP,273,7.23,2669,14,Brett Cecil,0,49,0,55,4.13,3,Tor,1.30
14,25.0,SP,274,6.48,3585,0,Manny Banuelos,5,18,0,5,4.68,1,NYY,1.60
16,72.0,RP,275,7.63,945,18,Matt Belisle,0,61,0,72,3.75,4,Col,1.24
33,67.0,RP,276,7.39,2436,16,Ronald Belisario,0,55,3,70,4.03,4,CWS,1.43
13,55.0,RP,277,9.98,1340,20,Sean Marshall,0,61,1,62,2.62,4,Cin,1.05
63,124.0,SP,278,8.35,1792,0,Felipe Paulino,24,115,0,26,4.79,6,CWS,1.48
25,94.0,SP,279,7.37,1294,0,Shaun Marcum,14,77,0,25,4.02,6,Cle,1.22
22,48.0,SP,280,6.75,3581,0,Allen Webster,8,36,0,10,4.88,2,Bos,1.42
11,20.0,RP,281,4.50,4569,0,Dylan Bundy,4,10,0,4,3.15,2,Bal,1.30
37,90.0,SP,282,7.40,1875,2,Wade Davis,9,74,0,22,4.30,5,KC,1.43
24,50.0,SP,283,6.84,3727,0,Aaron Sanchez,9,38,0,9,5.04,2,Tor,1.46
25,59.0,RP,284,8.85,2871,17,Aaron Crow,0,58,0,63,3.51,4,KC,1.32
53,148.0,SP,285,6.69,1332,0,Jason Hammel,24,110,0,24,4.32,9,ChC,1.38
22,54.0,RP,286,9.33,3577,5,Louis Coleman,0,56,0,45,3.00,4,KC,1.20
14,51.0,RP,287,7.94,829,18,Sean Burnett,0,45,1,63,3.00,3,LAA,1.18
26,66.0,SP,288,7.77,2485,0,Tommy Hanson,12,57,0,12,4.64,4,Tex,1.44
27,48.0,RP,289,8.06,3154,9,Chris Withrow,0,43,0,36,4.13,4,LAD,1.42
22,60.0,RP,290,9.00,2465,16,Sam LeCure,0,60,1,47,3.45,4,Cin,1.23
56,145.0,SP,291,5.65,523,0,Barry Zito,26,91,0,26,4.84,8,FA,1.46
26,58.0,RP,292,8.07,3438,7,Arquimedes Caminero,0,52,0,58,4.03,3,Mia,1.24
36,65.0,RP,293,11.22,4493,19,Steve Delabar,0,81,1,61,3.32,4,Tor,1.34
31,56.0,RP,294,7.71,920,0,Kevin Gregg,0,48,4,55,4.18,3,FA,1.50
25,75.0,"RP, SP",295,5.16,2913,10,Jeanmar Gomez,0,43,0,47,4.56,4,Pit,1.37
53,135.0,"SP, RP",296,7.33,4361,0,Tyler Thornburg,24,110,0,24,4.47,8,Mil,1.39
43,151.0,SP,297,5.66,3575,0,Brett Oberholtzer,27,95,0,27,4.59,7,Hou,1.34
22,62.0,RP,298,7.11,1624,19,Matt Lindstrom,0,49,2,71,3.63,4,CWS,1.37
50,184.0,SP,299,4.89,905,0,Kevin Correia,31,100,0,31,4.60,9,Min,1.41
25,75.0,RP,300,7.80,2677,8,Craig Stammen,0,65,0,50,3.72,5,Wsh,1.25
25,55.0,RP,301,10.31,3981,11,Brad Boxberger,0,63,0,46,3.27,2,TB,1.24
9,65.0,RP,302,4.57,5134,18,Seth Maness,0,33,1,69,3.60,5,StL,1.17
67,145.0,SP,303,7.82,1740,0,J.A. Happ,27,126,0,27,4.53,8,Tor,1.43
25,82.0,"SP, RP",304,5.71,734,0,Jerome Williams,3,52,0,28,4.72,5,Hou,1.37
16,48.0,SP,305,6.19,3382,0,Vance Worley,9,33,0,9,4.31,2,Min,1.42
19,53.0,RP,306,6.45,1252,10,Craig Breslow,0,38,0,56,3.40,4,Bos,1.30
49,142.0,SP,307,5.64,1415,0,Mike Pelfrey,25,89,0,25,4.63,7,Min,1.45
19,62.0,RP,308,7.40,1832,12,Jerry Blevins,0,51,0,63,3.63,5,Wsh,1.18
25,58.0,RP,309,7.45,1060,20,Santiago Casilla,0,48,3,63,3.26,4,SF,1.31
25,69.0,RP,310,5.48,2427,7,Vin Mazzaro,0,42,0,73,4.30,4,Pit,1.41
26,69.0,"RP, SP",311,8.74,1311,14,Tom Gorzelanny,0,67,1,58,3.91,4,Mil,1.29
36,53.0,RP,312,12.91,2870,16,Al Alburquerque,0,76,0,51,3.57,4,Det,1.42
91,168.0,SP,313,5.84,3558,0,Jarred Cosart,30,109,0,30,4.29,8,Hou,1.52
25,59.0,RP,314,9.61,3407,23,Vinnie Pestano,0,63,1,62,3.36,3,Cle,1.25
23,85.0,RP,315,6.14,2428,4,Anthony Swarzak,0,58,0,64,4.02,4,Min,1.29
71,156.0,SP,316,5.94,3541,0,Tom Koehler,28,103,0,28,4.79,6,Mia,1.48
19,52.0,RP,317,10.04,1337,22,Boone Logan,0,58,1,78,3.29,4,Col,1.19
44,153.0,"SP, RP",318,6.24,396,0,Bruce Chen,26,106,0,26,4.24,8,KC,1.30
27,67.0,SP,319,5.37,5095,0,David Hale,5,40,0,24,5.10,5,Atl,1.57
28,101.0,SP,320,5.61,428,0,Freddy Garcia,20,63,0,20,4.63,5,Atl,1.34
27,68.0,RP,321,9.93,4067,17,Charlie Furbush,0,75,0,41,3.84,3,Sea,1.22
32,65.0,RP,322,9.97,2351,23,Mike Dunn,0,72,1,77,3.46,3,Mia,1.34
15,30.0,SP,323,6.60,3728,0,Alex Colome,0,22,0,23,3.90,2,TB,1.40
13,27.0,RP,324,10.00,2885,10,Jonny Venters,0,30,0,28,2.67,2,Atl,1.26
35,87.0,"SP, RP",325,6.62,5089,0,Brandon Maurer,13,64,0,29,4.45,4,Sea,1.41
13,51.0,RP,326,9.00,827,5,Ryan Madson,0,51,2,54,2.47,4,LAA,1.10
4,20.0,SP,327,6.75,4076,0,A.J. Cole,4,15,0,4,3.60,1,Wsh,1.15
16,59.0,RP,328,7.47,2248,18,Dale Thayer,0,49,0,64,3.51,3,SD,1.19
21,89.0,SP,329,7.08,1528,0,Colby Lewis,16,70,0,16,4.85,5,Tex,1.27
33,71.0,RP,330,6.59,3485,12,Justin Wilson,0,52,0,60,4.18,5,Pit,1.37
18,51.0,SP,331,5.82,3515,0,Kyle Gibson,10,33,0,10,4.76,2,Min,1.41
18,50.0,RP,332,8.46,1943,6,Chris Perez,0,47,0,50,4.68,2,LAD,1.38
61,132.0,SP,333,7.36,2412,0,Jake Arrieta,25,108,0,25,4.98,6,ChC,1.45
13,40.0,RP,334,5.85,1109,5,Brandon League,0,26,0,42,4.28,2,LAD,1.40
19,40.0,SP,335,7.65,3469,0,Drew Pomeranz,5,34,0,20,4.28,2,Oak,1.45
5,20.0,RP,336,5.85,3531,0,Kyle McPherson,2,13,0,7,4.05,1,Pit,1.25
34,63.0,RP,337,10.00,3454,19,Tim Collins,0,70,0,68,3.57,4,KC,1.38
19,50.0,SP,338,6.12,2973,0,Josh Lindblom,0,34,0,39,4.50,2,Oak,1.36
14,69.0,RP,339,6.13,2118,7,Wilton Lopez,0,47,1,69,3.65,4,Col,1.25
6,20.0,SP,340,9.00,3686,0,Matt Harvey,4,20,0,4,3.15,1,NYM,1.15
21,57.0,RP,341,6.95,2257,16,Brian Matusz,0,44,2,45,4.58,3,Bal,1.37
16,50.0,SP,342,5.94,2908,0,Casey Kelly,7,33,0,15,4.50,2,SD,1.36
19,42.0,RP,343,8.57,4395,16,Stephen Pryor,0,40,5,46,3.43,3,Sea,1.29
4,20.0,SP,344,6.75,1634,0,Kevin Slowey,4,15,0,4,4.50,1,Mia,1.30
14,55.0,RP,345,6.71,1628,8,Troy Patton,0,41,0,51,3.27,5,Bal,1.18
6,20.0,SP,346,6.30,3739,0,Zach Lee,10,14,0,10,4.05,1,LAD,1.35
19,60.0,RP,347,7.05,925,24,Matt Thornton,0,47,3,70,3.60,3,NYY,1.27
6,20.0,SP,348,7.65,3950,0,Drew Hutchison,4,17,0,4,4.50,1,Tor,1.35
27,49.0,RP,349,6.98,4168,7,Jeurys Familia,5,38,2,29,4.78,3,NYM,1.57
12,40.0,SP,350,5.85,730,0,Brett Myers,0,26,0,40,4.50,2,Cle,1.40
14,56.0,RP,351,6.91,2900,8,Jean Machi,0,43,0,55,3.70,4,SF,1.23
6,15.0,SP,352,5.40,5067,2,Hiram Burgos,0,9,0,8,4.20,1,Mil,1.33
15,40.0,RP,353,7.65,832,18,Javier Lopez,0,34,1,65,2.93,3,SF,1.23
5,29.0,SP,354,4.97,4181,0,Taylor Jordan,2,16,0,20,4.03,1,Wsh,1.21
18,35.0,RP,355,9.00,1657,2,Joel Hanrahan,0,35,17,33,3.86,2,FA,1.40
11,35.0,SP,356,5.14,4075,0,David Holmberg,7,20,0,7,4.37,2,Cin,1.40
14,43.0,RP,357,7.33,4928,4,Caleb Thielbar,0,35,0,46,3.35,3,Min,1.16
79,155.0,SP,358,7.55,2056,0,James McDonald,26,130,0,26,4.82,7,ChC,1.48
16,47.0,RP,359,9.77,3428,3,Brandon Gomes,0,51,1,52,3.45,3,TB,1.13
6,20.0,SP,360,5.85,3318,0,Jeremy Hefner,4,13,0,4,4.50,1,NYM,1.35
24,63.0,RP,361,9.57,4957,16,Carter Capps,0,67,1,54,3.71,3,Mia,1.35
29,134.0,"SP, RP",362,7.52,1107,0,Joe Blanton,22,112,0,22,4.57,7,LAA,1.33
56,186.0,SP,363,5.27,1262,0,Joe Saunders,31,109,0,31,4.50,10,Tex,1.41
16,41.0,RP,364,10.32,2366,4,Andrew Bailey,0,47,2,43,4.17,2,NYY,1.29
22,50.0,SP,365,6.30,2035,5,Alfredo Aceves,0,35,0,36,4.86,3,Bal,1.44
11,29.0,SP,366,5.90,4274,0,Eric Surkamp,0,19,0,29,4.34,1,CWS,1.38
13,41.0,RP,367,6.80,1439,23,Eric O'Flaherty,0,31,2,45,2.63,3,Oak,1.17
7,20.0,SP,368,5.85,4601,0,J.R. Graham,4,13,0,4,4.50,1,Atl,1.35
25,62.0,RP,369,7.26,744,18,Jeremy Affeldt,0,50,2,67,3.63,3,SF,1.29
9,20.0,SP,370,8.10,4623,0,Matt Barnes,4,18,0,4,4.50,1,Bos,1.45
29,102.0,SP,371,5.21,3523,0,Jordan Lyles,16,59,0,27,4.85,5,Col,1.40
8,20.0,SP,372,6.75,5172,0,Eduardo Rodriguez,4,15,0,4,4.50,1,Bal,1.40
7,20.0,SP,373,5.40,4211,0,Asher Wojciechowski,4,12,0,4,4.50,1,Hou,1.35
5,20.0,SP,374,5.85,5072,0,Tyler Cloyd,4,13,0,4,4.95,1,Cle,1.35
32,125.0,SP,375,4.32,2006,0,Clayton Richard,22,60,0,22,4.82,6,SD,1.38
6,20.0,SP,376,4.95,3503,2,Sammy Solis,0,11,0,20,4.50,1,Wsh,1.35
5,20.0,SP,377,5.40,4231,0,Liam Hendriks,2,12,0,7,4.95,1,Tor,1.35
12,50.0,SP,378,6.84,2704,0,Daniel Hudson,10,38,0,10,4.32,3,Ari,1.28
12,58.0,SP,379,6.05,1442,3,Jeff Karstens,0,39,0,34,4.03,3,FA,1.22
8,15.0,SP,380,7.20,5097,0,Jose Ramirez,0,12,0,13,4.80,1,NYY,1.47
7,20.0,SP,381,4.50,5588,0,Brandon Cumpton,4,10,0,4,4.50,1,Pit,1.40
7,20.0,SP,382,4.95,1070,0,Chris Young,4,11,0,4,4.95,1,Wsh,1.40
12,20.0,SP,383,7.20,3197,0,Ethan Martin,2,16,0,12,4.95,1,Phi,1.50
6,20.0,SP,384,4.95,4187,0,Justin Nicolino,4,11,0,4,4.50,1,Mia,1.45
11,20.0,SP,385,4.95,4415,0,Enny Romero,4,11,0,4,4.05,1,TB,1.55
5,20.0,SP,386,7.20,5154,0,Edwin Escobar,4,16,0,4,3.60,1,SF,1.20
8,13.0,SP,387,6.23,3089,0,Casey Crosby,0,9,0,13,4.85,1,Det,1.62
13,20.0,SP,388,7.65,4238,0,Jesse Biddle,4,17,0,4,4.95,1,Phi,1.55
11,44.0,SP,389,4.30,3444,0,Scott Diamond,0,21,0,34,4.70,2,Min,1.41
9,20.0,SP,390,5.40,3687,0,Anthony Ranaudo,4,12,0,4,4.95,1,Bos,1.45
19,41.0,SP,391,6.59,1499,0,Daisuke Matsuzaka,7,30,0,7,5.27,2,NYM,1.46
12,37.0,SP,392,5.84,5064,0,Collin McHugh,0,24,0,27,4.86,1,Hou,1.43
67,134.0,SP,393,6.99,4408,0,Andre Rienzo,25,104,0,25,4.90,6,CWS,1.51
13,28.0,SP,394,6.43,2804,0,Alex White,2,20,0,13,4.82,1,Hou,1.50
63,165.0,SP,395,6.55,771,0,Aaron Harang,27,120,0,27,4.58,8,Cle,1.41
29,75.0,SP,396,4.56,1757,0,John Lannan,13,38,0,13,4.68,4,NYM,1.47
3,10.0,SP,397,5.40,3377,0,Alex Sanabia,0,6,0,6,5.40,0,Ari,1.50
17,32.0,SP,398,5.91,2301,0,Ricky Romero,0,21,0,21,5.06,2,Tor,1.56
8,23.0,SP,399,5.87,2995,0,Christian Friedrich,2,15,0,15,5.48,1,Col,1.48
7,20.0,SP,400,4.50,2139,0,Sean O'Sullivan,0,10,0,20,5.40,1,Phi,1.50
35,75.0,SP,401,8.16,760,0,Erik Bedard,14,68,0,14,4.20,4,TB,1.40
5,19.0,SP,402,3.79,1143,0,Chien-Ming Wang,2,8,0,8,5.68,1,Cin,1.47
7,13.0,RP,403,5.54,2027,0,Matt Palmer,0,8,0,13,6.23,1,Sea,1.62
36,130.0,SP,404,7.06,881,0,Chris Capuano,22,102,0,22,4.02,8,Bos,1.28
12,28.0,SP,405,5.46,4512,0,Stephen Fife,4,17,0,8,5.14,1,LAD,1.54
37,83.0,SP,406,5.31,3516,0,Zach Britton,15,49,0,15,4.77,4,Bal,1.51
7,20.0,SP,407,6.75,5205,0,Sean Nolin,4,15,0,4,5.85,1,Tor,1.65
16,20.0,SP,408,7.65,4610,0,Robert Stephenson,4,17,0,4,5.40,1,Cin,1.80
13,20.0,SP,409,6.30,2334,0,Mark Rogers,4,14,0,4,5.85,1,Sea,1.70
7,35.0,SP,410,5.14,5251,0,Andrew Albers,0,20,0,21,4.11,1,Min,1.26
29,72.0,"SP, RP",411,7.88,916,0,Chad Gaudin,0,63,0,54,4.13,5,Phi,1.35
13,38.0,SP,412,6.39,5168,0,Brian Flynn,0,27,0,33,5.21,1,Mia,1.61
22,50.0,SP,413,5.04,4516,0,Tsuyoshi Wada,0,28,0,55,5.40,2,ChC,1.54
24,57.0,RP,414,7.26,257,0,Jamey Wright,0,46,0,57,3.47,4,LAD,1.32
13,30.0,SP,415,3.90,1764,0,Aaron Laffey,0,13,0,22,6.00,1,Tor,1.60
24,34.0,SP,416,4.50,4313,1,Johnny Hellweg,0,17,0,26,5.03,1,Mil,1.71
15,37.0,RP,417,8.03,571,16,Randy Choate,0,33,0,74,3.16,3,StL,1.19
6,45.0,RP,418,5.60,4502,3,Dan Otero,0,28,0,39,3.40,4,Oak,1.20
14,49.0,RP,419,7.35,4357,6,Ian Krol,0,40,0,58,3.31,4,Det,1.16
23,52.0,RP,420,6.75,549,25,Scott Downs,0,39,5,68,3.29,3,CWS,1.37
18,51.0,RP,421,8.29,1851,17,Wesley Wright,0,47,1,72,3.53,2,ChC,1.25
15,53.0,RP,422,7.47,3450,6,George Kontos,0,44,1,52,3.91,3,SF,1.25
22,68.0,RP,423,6.62,1641,8,Alfredo Simon,0,50,0,48,3.84,4,Cin,1.31
12,54.0,RP,424,6.17,1910,4,Burke Badenhop,0,37,0,51,3.67,3,Bos,1.22
24,100.0,SP,425,5.40,471,0,Tomo Ohka,20,60,0,20,4.41,6,Tor,1.30
12,38.0,RP,426,9.00,5057,2,Will Harris,0,38,0,44,3.79,3,Ari,1.24
18,56.0,RP,427,7.55,5470,5,Brandon Workman,0,47,0,46,4.18,4,Bos,1.29
10,31.0,RP,428,9.58,406,2,Octavio Dotel,0,33,2,32,3.77,2,FA,1.16
13,44.0,RP,429,7.36,3429,1,Evan Scribner,0,36,0,35,4.09,4,Oak,1.25
32,71.0,RP,430,7.99,2228,3,Adam Ottavino,0,63,0,47,4.06,5,Col,1.41
10,34.0,RP,431,8.21,3053,2,Fernando Salas,0,31,0,34,3.44,2,LAA,1.15
13,38.0,RP,432,8.76,1758,14,Joe Thatcher,0,37,0,68,3.32,2,Ari,1.24
10,35.0,RP,433,7.97,5088,0,Michael Tonkin,0,31,0,28,3.34,2,Min,1.17
20,48.0,RP,434,7.88,3435,14,Justin De Fratus,0,42,1,60,3.75,3,Phi,1.31
25,53.0,RP,435,8.32,3068,7,Cory Gearrin,0,49,0,59,3.57,3,Atl,1.36
23,50.0,RP,436,8.82,996,10,Jason Frasor,0,49,1,57,3.78,3,Tex,1.36
18,50.0,RP,437,7.56,2723,5,Brad Lincoln,0,42,0,40,3.96,3,Phi,1.30
23,52.0,RP,438,7.62,4675,11,Josh Edgin,0,44,1,65,4.15,3,NYM,1.31
22,62.0,RP,439,6.68,2232,6,Cesar Ramos,0,46,0,47,4.21,4,TB,1.32
23,56.0,RP,440,7.07,2739,4,Logan Ondrusek,0,44,0,59,4.02,4,Cin,1.36
20,37.0,RP,441,8.76,3419,2,Nick Hagadone,0,36,0,39,3.89,3,Cle,1.32
20,55.0,RP,442,6.87,4791,13,Preston Claiborne,0,42,1,48,3.93,2,NYY,1.27
27,104.0,"SP, RP",443,6.49,1045,0,Jeff Francis,20,75,0,20,4.67,5,Cin,1.34
7,27.0,RP,444,8.67,2996,0,Matt Reynolds,0,26,0,27,3.33,2,Ari,1.22
19,52.0,RP,445,7.79,2081,6,Kevin Jepsen,0,45,0,61,4.15,3,LAA,1.33
23,48.0,RP,446,8.81,2953,5,Michael Kohn,0,47,0,58,3.94,2,LAA,1.33
25,62.0,RP,447,6.39,1424,8,Matt Albers,0,44,0,58,4.06,4,Hou,1.37
14,47.0,RP,448,7.09,4026,9,Will Smith,0,37,0,39,4.21,3,Mil,1.30
17,51.0,RP,449,7.76,3199,0,Mike Fiers,5,44,0,20,4.41,3,Mil,1.31
29,67.0,RP,450,7.39,1617,1,Franklin Morales,5,55,0,47,4.43,4,Col,1.37
18,49.0,RP,451,5.88,4033,8,Jared Hughes,0,32,0,45,3.67,3,Pit,1.35
14,40.0,RP,452,7.43,1254,11,Jonathan Broxton,0,33,1,40,3.83,2,Cin,1.33
16,51.0,RP,453,5.82,833,7,Luis Ayala,0,33,0,55,3.71,3,Wsh,1.35
22,64.0,RP,454,5.48,2873,4,Bryan Morris,0,39,0,55,3.94,3,Pit,1.33
40,121.0,SP,455,4.39,4460,0,Chris Rusin,24,59,0,24,5.36,5,ChC,1.50
9,34.0,RP,456,7.15,3341,1,Raul Valdes,0,27,0,33,4.24,2,Hou,1.21
10,21.0,RP,457,9.43,4511,0,Jeff Beliveau,0,22,0,26,3.43,2,TB,1.29
21,46.0,RP,458,10.17,921,4,Mike Gonzalez,0,52,0,52,4.11,2,FA,1.41
13,39.0,RP,459,6.92,697,0,Brandon Lyon,0,30,0,34,3.69,2,LAA,1.31
31,66.0,RP,460,6.82,2732,5,Anthony Varvaro,0,50,0,53,3.95,4,Atl,1.44
28,50.0,SP,461,7.56,4487,0,Danny Hultzen,10,42,0,10,4.32,3,Sea,1.46
13,41.0,RP,462,5.93,4910,15,Rob Wooten,0,27,1,40,4.39,3,Mil,1.29
23,70.0,RP,463,6.94,1877,16,Brian Duensing,0,54,0,67,4.24,3,Min,1.37
10,40.0,RP,464,6.75,2678,2,Cristhian Martinez,0,30,0,35,4.05,2,FA,1.28
18,45.0,RP,465,6.80,2688,5,Marc Rzepczynski,0,34,0,58,3.80,2,Cle,1.33
38,65.0,RP,466,8.31,3572,14,Yoervis Medina,0,60,0,60,4.02,3,Sea,1.46
15,36.0,RP,467,7.25,2784,4,Joe Savery,0,29,1,32,4.00,2,Oak,1.33
6,15.0,RP,468,7.80,2350,0,Christian Garcia,0,13,0,15,2.40,1,Wsh,1.13
11,49.0,RP,469,5.88,3927,0,Joe Ortiz,0,32,0,49,4.22,3,Tex,1.33
18,36.0,RP,470,9.00,775,4,Oliver Perez,0,36,1,42,4.00,2,FA,1.42
47,132.0,"SP, RP",471,7.16,2292,1,Esmil Rogers,22,105,0,28,4.77,7,Tor,1.45
12,28.0,RP,472,7.39,3533,2,Jeremy Horst,0,23,0,28,3.54,2,Phi,1.36
9,28.0,RP,473,6.75,442,11,Kyle Farnsworth,0,21,2,29,4.18,2,NYM,1.32
17,40.0,RP,474,8.10,3459,8,Brad Brach,0,36,0,41,4.05,2,Bal,1.38
3,12.0,RP,475,9.75,420,0,Rafael Betancourt,0,13,0,12,3.00,1,FA,1.08
10,28.0,RP,476,8.04,1185,5,Juan Carlos Oviedo,0,25,1,29,3.86,1,TB,1.29
15,48.0,RP,477,6.94,2033,1,Jesse Chavez,0,37,0,48,4.50,2,Oak,1.29
25,51.0,RP,478,7.76,2067,9,Josh Outman,0,44,0,51,4.24,3,Cle,1.43
6,20.0,RP,479,8.10,1010,4,Mike Adams,0,18,0,20,3.60,1,Phi,1.20
8,23.0,RP,480,5.87,798,0,Pedro Feliciano,0,15,0,23,3.13,1,FA,1.22
24,64.0,RP,481,5.77,5564,3,Ryan Pressly,0,41,0,41,4.22,3,Min,1.36
21,34.0,RP,482,10.06,1449,9,Andrew Miller,0,38,0,22,3.97,2,Bos,1.47
18,33.0,RP,483,7.64,5062,1,Jose De La Torre,0,28,0,21,4.09,2,Mil,1.36
19,48.0,RP,484,7.13,2048,9,Phil Coke,0,38,0,51,3.94,2,Det,1.40
7,25.0,SP,485,6.48,4330,0,Joe Wieland,0,18,0,15,3.60,1,SD,1.24
8,20.0,RP,486,8.10,1631,0,Scott Elbert,0,18,0,20,3.60,1,LAD,1.25
6,20.0,RP,487,8.10,3943,0,Brian Moran,0,18,0,20,3.60,1,LAA,1.25
9,23.0,RP,488,7.04,5092,0,Keith Butler,0,18,0,18,3.52,1,StL,1.26
12,42.0,"RP, SP",489,6.43,2337,2,Alfredo Figaro,0,30,0,36,4.29,2,Mil,1.33
7,15.0,RP,490,9.00,5592,0,Jose Dominguez,0,15,0,17,3.60,1,LAD,1.20
9,26.0,RP,491,8.31,3439,1,Josh Lueke,0,24,0,21,3.81,1,TB,1.31
26,55.0,RP,492,6.05,3293,16,Scott Rice,0,37,1,79,4.42,3,NYM,1.38
6,16.0,RP,493,8.44,4526,0,Chen-Chang Lee,0,15,0,16,3.94,1,Cle,1.19
10,25.0,RP,494,7.92,3549,0,Arodys Vizcaino,0,22,0,25,3.96,1,ChC,1.28
8,20.0,RP,495,9.90,1750,0,Manny Parra,0,22,0,20,4.05,1,Cin,1.30
26,58.0,RP,496,7.29,2359,9,Hector Rondon,0,47,3,47,4.66,3,ChC,1.45
19,33.0,RP,497,8.73,2409,2,Donnie Veal,0,32,0,58,4.09,2,CWS,1.45
22,49.0,RP,498,6.98,2943,2,Dan Jennings,0,38,0,57,4.04,2,Mia,1.41
33,49.0,RP,499,9.37,4654,16,Jacob Diekman,0,51,1,58,4.04,2,Phi,1.53
5,20.0,RP,500,8.55,2441,0,Matt Daley,0,19,0,20,4.95,2,NYY,1.30
7,30.0,"SP, RP",501,5.10,4574,0,Jose Alvarez,6,17,0,6,4.50,2,Det,1.27
16,45.0,RP,502,5.00,2666,8,Ryan Mattheus,0,25,0,46,4.20,3,Wsh,1.38
16,40.0,RP,503,7.43,3722,0,Neil Wagner,0,33,0,40,4.50,2,Tor,1.38
4,10.0,RP,504,9.00,4360,0,Shawn Tolleson,0,10,0,11,3.60,1,Tex,1.20
4,20.0,RP,505,5.85,674,0,Scott Atchison,0,13,0,20,4.05,1,Cle,1.20
17,48.0,RP,506,5.06,5177,0,T.J. McFarland,2,27,0,21,4.31,3,Bal,1.38
23,46.0,RP,507,8.02,4504,2,Lucas Luetge,0,41,0,58,4.30,2,Sea,1.43
8,20.0,RP,508,9.00,2049,0,Jose Mijares,0,20,0,20,3.60,1,Bos,1.40
13,28.0,RP,509,6.75,3336,2,Michael Stutes,0,21,0,28,4.18,2,Phi,1.39
8,21.0,RP,510,4.71,2015,0,Francisley Bueno,0,11,0,21,3.43,1,KC,1.29
10,20.0,RP,511,9.45,2134,0,Fernando Rodriguez,0,21,0,20,4.05,1,Oak,1.40
7,24.0,RP,512,6.75,2910,0,Frank Herrmann,0,18,0,18,4.88,2,Cle,1.33
7,17.0,RP,513,7.41,4170,1,Cory Burns,0,14,0,15,3.71,1,Tex,1.35
11,35.0,"SP, RP",514,6.17,4229,0,Justin Grimm,2,24,0,20,4.63,2,ChC,1.37
19,34.0,RP,515,6.88,3832,0,Deunte Heath,0,26,0,29,4.24,2,CWS,1.44
10,35.0,"SP, RP",516,5.91,2051,0,Wade LeBlanc,0,23,0,18,4.63,2,LAA,1.37
9,25.0,RP,517,7.56,3538,5,Darin Downs,0,21,0,21,4.32,1,Hou,1.36
21,65.0,"RP, SP",518,5.26,3654,5,Donovan Hand,9,38,0,24,4.43,3,Mil,1.40
17,48.0,RP,519,7.13,2753,5,Edgmer Escalona,0,38,0,37,4.69,2,Bal,1.40
9,15.0,RP,520,8.40,2738,0,Blake Wood,0,14,0,12,3.60,1,Cle,1.47
20,59.0,RP,521,6.56,5575,12,Gonzalez Germen,0,43,2,51,5.03,2,NYM,1.36
37,130.0,"SP, RP",522,5.95,1246,0,Roberto Hernandez,26,86,0,26,5.05,6,Phi,1.39
11,28.0,RP,523,6.75,2758,0,Chaz Roe,0,21,0,26,4.82,2,Mia,1.39
9,20.0,RP,524,7.20,4498,1,Xavier Cedeno,0,16,0,28,4.05,1,Wsh,1.40
4,24.0,RP,525,4.88,1312,0,Matt Capps,0,13,0,25,4.50,1,Cle,1.25
12,26.0,RP,526,8.65,1006,7,Frank Francisco,0,25,3,23,4.85,1,FA,1.50
15,21.0,RP,527,10.29,4082,0,Zac Rosscup,0,24,0,21,4.29,1,ChC,1.52
17,38.0,RP,528,6.16,1027,5,Matt Guerrier,0,26,0,35,4.50,2,Min,1.42
14,24.0,RP,529,7.88,4457,1,Cory Rasmus,0,21,0,21,4.13,1,LAA,1.46
5,18.0,RP,530,4.50,5570,0,David Martinez,0,9,0,18,4.00,1,Hou,1.33
12,18.0,RP,531,8.50,3595,0,Brayan Villarreal,0,17,0,18,4.00,1,Bos,1.50
11,33.0,RP,532,5.45,990,4,Shawn Camp,0,20,0,34,4.36,2,Phi,1.42
7,20.0,RP,533,4.95,4592,0,Miles Mikolas,0,11,0,20,4.05,1,Tex,1.35
9,24.0,RP,534,6.75,5565,1,Bobby LaFromboise,0,18,0,22,4.13,1,Sea,1.42
6,20.0,RP,535,6.30,611,0,Jon Rauch,0,14,0,20,4.50,1,KC,1.35
22,60.0,RP,536,5.70,3563,2,Adam Warren,5,38,0,20,4.65,4,NYY,1.47
14,31.0,RP,537,6.68,3055,2,B.J. Rosenberg,0,23,0,31,4.65,2,Phi,1.45
5,12.0,RP,538,7.50,1417,0,Mark Lowe,0,10,0,13,4.50,1,TB,1.42
10,20.0,RP,539,7.20,1350,0,Ramon Ramirez,0,16,0,20,4.50,1,Sea,1.40
9,20.0,RP,540,7.20,2737,0,Steve Johnson,0,16,0,14,4.50,1,Bal,1.40
6,14.0,RP,541,7.71,2353,0,Luis Perez,0,12,0,14,4.50,1,Tor,1.43
6,13.0,RP,542,6.92,5197,0,Eury De La Rosa,0,10,0,16,4.15,0,Ari,1.23
6,14.0,RP,543,7.07,2881,2,Javy Guerra,0,11,0,14,4.50,1,LAD,1.43
13,48.0,RP,544,5.63,2395,5,David Huff,0,30,0,26,4.88,2,SF,1.35
4,22.0,RP,545,4.91,3383,0,Josh Tomlin,0,12,0,22,4.91,1,Cle,1.27
20,38.0,RP,546,7.34,4154,10,Jose Cisnero,0,31,1,24,4.50,2,Hou,1.53
9,14.0,RP,547,8.36,3492,0,Donnie Joseph,0,13,0,15,4.50,1,KC,1.50
14,36.0,RP,548,3.50,5049,0,Sam Dyson,0,14,0,36,3.75,1,Mia,1.36
53,94.0,RP,549,6.41,3539,0,Brad Hand,14,67,0,30,4.40,4,Mia,1.49
3,10.0,RP,550,7.20,2763,0,Fernando Abad,0,8,0,7,3.60,0,Oak,1.30
16,77.0,RP,551,4.21,3477,0,Blake Beavan,10,36,0,33,4.79,4,Sea,1.36
9,22.0,RP,552,6.55,4584,0,Ryan Reid,0,16,0,22,4.50,1,NYM,1.41
10,20.0,RP,553,7.65,3999,0,Joel Carreno,0,17,0,20,4.95,1,NYM,1.40
5,14.0,RP,554,4.50,3573,0,Stolmy Pimentel,0,7,0,14,4.50,1,Pit,1.36
22,47.0,RP,555,6.70,2815,7,Chia-Jen Lo,0,35,5,47,4.79,1,Hou,1.47
7,20.0,RP,556,5.85,3402,0,Sandy Rosario,0,13,0,20,4.50,1,SF,1.40
12,26.0,RP,557,7.62,1413,0,Nick Masset,0,22,0,23,4.50,1,Col,1.46
6,12.0,RP,558,6.75,1482,0,Cesar Jimenez,0,9,0,14,4.50,1,Phi,1.50
16,51.0,"SP, RP",559,6.18,4197,3,Chad Bettis,5,35,0,31,4.94,2,Col,1.39
6,20.0,RP,560,5.40,1110,0,Kameron Loe,0,12,0,20,4.50,1,SF,1.40
15,25.0,RP,561,7.20,3393,3,Jeremy Jeffress,0,20,0,24,4.68,2,Tor,1.56
20,48.0,RP,562,6.38,3097,3,Evan Reed,0,34,0,33,4.50,1,Det,1.40
6,12.0,RP,563,8.25,821,0,Jose Contreras,0,11,0,12,5.25,1,Tex,1.50
5,13.0,RP,564,5.54,4263,2,Jake Dunning,0,8,0,15,3.46,0,SF,1.38
8,20.0,RP,565,7.65,1777,0,J.C. Gutierrez,0,17,0,20,4.95,1,SF,1.45
15,25.0,RP,566,6.48,5593,1,Luis Garcia,0,18,0,19,3.96,1,Phi,1.52
7,21.0,SP,567,5.14,5118,0,Chad Rogers,0,12,0,21,4.71,1,Cin,1.38
4,15.0,SP,568,4.80,4509,0,Nestor Molina,0,8,0,15,4.80,1,CWS,1.40
4,8.0,RP,569,9.00,1711,0,Mike Zagurski,0,8,0,8,4.50,0,Cle,1.38
9,20.0,RP,570,5.85,4548,2,Sam Freeman,0,13,0,23,4.50,1,StL,1.45
4,10.0,SP,571,3.60,4114,0,Zeke Spruill,2,4,0,2,4.50,1,Ari,1.50
19,55.0,"SP, RP",572,5.73,1637,1,Ross Ohlendorf,0,35,0,44,5.24,3,Wsh,1.40
5,11.0,RP,573,6.55,4034,0,Alex Wilson,0,8,0,11,4.91,1,Bos,1.55
19,36.0,RP,574,8.25,982,9,Dustin McGowan,0,33,0,23,4.75,1,Tor,1.47
7,20.0,"SP, RP",575,5.85,4491,0,Dylan Axelrod,0,13,0,20,4.95,1,CWS,1.45
17,45.0,RP,576,6.00,4702,2,Luke Putkonen,0,30,0,42,4.80,2,Det,1.44
3,8.0,RP,577,5.63,3448,1,Pedro Beato,0,5,0,7,4.50,0,Cin,1.38
17,49.0,RP,578,5.88,3608,2,Anthony Bass,0,32,0,32,4.96,2,Hou,1.41
4,10.0,RP,579,6.30,1414,0,Josh Kinney,0,7,0,10,5.40,0,Pit,1.30
3,8.0,RP,580,4.50,3875,0,Nick Christiani,0,4,0,6,4.50,0,Cin,1.38
4,10.0,RP,581,5.40,3551,0,Everett Teaford,0,6,0,10,4.50,0,KC,1.40
12,21.0,RP,582,6.86,5113,0,Wirfin Obispo,0,16,0,21,5.14,1,Atl,1.48
10,20.0,RP,583,8.10,4020,0,Kevin Munson,0,18,0,20,5.85,1,Phi,1.45
21,25.0,RP,584,9.36,2599,4,Phillippe Aumont,0,26,1,29,4.32,1,Phi,1.72
11,20.0,RP,585,7.20,3513,0,Rubby De La Rosa,4,16,0,4,4.95,1,Bos,1.55
10,20.0,RP,586,5.85,2221,0,Clayton Mortensen,2,13,0,7,4.95,1,KC,1.50
5,13.0,RP,587,5.54,3730,0,Drake Britton,0,8,0,13,5.54,1,Bos,1.54
0,0.0,SP,588,0.00,614,0,Roy Oswalt,0,0,0,0,0.00,0,FA,0.00
3,5.0,RP,589,7.20,5273,0,Onelki Garcia,0,4,0,12,5.40,0,LAD,1.60
8,20.0,RP,590,6.30,2483,0,Ryan Brasier,0,14,0,20,4.95,1,LAA,1.55
5,14.0,RP,591,4.50,2458,0,Kris Johnson,0,7,0,14,4.50,0,Min,1.43
0,0.0,SP,592,0.00,562,0,Jason Marquis,0,0,0,0,0.00,0,FA,0.00
13,30.0,RP,593,5.10,4153,0,Robert Carson,0,17,0,29,5.10,2,LAA,1.50
8,20.0,RP,594,4.95,5083,0,Hunter Strickland,0,11,0,18,4.95,1,SF,1.50
7,14.0,RP,595,6.43,5082,0,Curtis Partch,0,10,0,8,5.14,0,Cin,1.43
8,15.0,RP,596,8.40,3223,0,Scott Barnes,0,14,0,12,5.40,0,Cle,1.47
12,20.0,RP,597,7.20,993,0,David Aardsma,0,16,0,21,4.95,1,Cle,1.60
13,20.0,RP,598,7.20,1869,0,David Purcey,0,16,0,20,4.95,1,CWS,1.60
19,55.0,RP,599,5.89,2878,0,Hector Noesi,0,36,0,47,5.07,2,Sea,1.42
7,20.0,RP,600,4.50,1769,0,Ross Wolf,0,10,0,20,4.95,1,Tex,1.50
4,8.0,RP,601,5.63,4372,0,Brett Marshall,0,5,0,8,5.63,0,Cin,1.50
12,24.0,RP,602,6.38,2315,0,Marcos Mateo,0,17,0,24,4.88,1,Ari,1.54
21,30.0,RP,603,7.50,3998,5,Jose Ortega,0,25,0,28,4.50,1,Det,1.60
20,44.0,RP,604,6.55,3051,0,Chris Hatcher,0,32,0,38,4.50,1,Mia,1.50
11,20.0,RP,605,4.95,5081,0,Steven Wright,4,11,0,4,4.95,1,Bos,1.55
38,79.0,"SP, RP",606,5.70,2256,0,Lucas Harrell,13,50,0,13,4.56,3,Hou,1.49
19,31.0,RP,607,5.52,4316,0,Jake Petricka,0,19,0,26,4.65,2,CWS,1.61
5,10.0,RP,608,6.30,3570,0,Alberto Cabrera,0,7,0,12,5.40,0,ChC,1.60
8,20.0,RP,609,5.85,3505,0,Chance Ruffin,0,13,0,20,5.40,1,Sea,1.55
9,20.0,RP,610,4.50,5235,0,Michael Roth,0,10,0,20,5.40,1,LAA,1.50
11,42.0,RP,611,3.64,3004,0,Chad Jenkins,0,17,0,42,5.14,2,Tor,1.40
18,27.0,RP,612,5.33,4305,0,Edgar Olmos,0,16,0,27,4.00,1,Mia,1.67
7,15.0,RP,613,4.20,3006,0,Josh Stinson,0,7,0,10,4.80,0,Bal,1.53
11,20.0,RP,614,5.85,1100,0,Logan Kensing,0,13,0,20,5.40,1,Sea,1.60
14,20.0,SP,615,6.75,2939,0,Erik Cordier,0,15,0,20,5.40,1,SF,1.70
14,20.0,RP,616,6.30,4594,0,Rhiner Cruz,0,14,0,20,5.40,1,Hou,1.70
21,35.0,RP,617,6.43,5091,0,Michael Blazek,0,25,0,36,5.40,1,Mil,1.51
6,15.0,SP,618,4.80,2696,0,Jeff Manship,0,8,0,15,6.00,0,Phi,1.53
12,31.0,RP,619,4.94,4477,0,Brooks Raley,5,17,0,8,5.23,1,Min,1.52
16,38.0,RP,620,5.45,4398,0,Rob Scahill,0,23,0,26,5.92,3,Col,1.55
8,20.0,RP,621,5.40,2674,0,Greg Burke,0,12,0,20,5.40,0,Col,1.55
27,52.0,RP,622,7.27,4243,5,Joshua Zeid,0,42,1,47,5.37,1,Hou,1.50
13,23.0,RP,623,7.04,5234,0,Jimmy Nelson,0,18,0,23,5.48,1,Mil,1.74
8,11.0,RP,624,7.36,3426,0,Maikel Cleto,0,9,0,9,6.55,0,CWS,1.91
15,26.0,RP,625,5.54,2990,0,Charlie Leesman,0,16,0,13,5.19,1,CWS,1.69
17,34.0,RP,626,5.82,1963,0,Mitchell Boggs,0,22,0,29,5.29,1,CWS,1.59
28,57.0,RP,627,6.32,4345,0,Michael Kickham,7,40,0,19,5.21,2,SF,1.56
29,76.0,"RP, SP",628,5.09,4090,1,Paul Clemens,15,43,0,15,5.45,3,Hou,1.49
24,29.0,RP,629,6.52,2445,0,Daniel Bard,0,21,0,19,5.90,1,Tex,1.76
23,36.0,RP,630,7.25,2959,0,Michael Kirkman,0,29,0,36,6.25,1,Tex,1.72
21,42.0,RP,631,8.79,3569,8,Cesar Cabral,0,41,0,51,6.64,2,NYY,1.76
28,40.0,RP,632,7.65,3584,3,Dellin Betances,0,34,1,43,6.53,2,NYY,1.83
33,59.0,RP,633,5.34,2985,0,Kyle Drabek,7,35,0,22,5.80,3,Tor,1.66
0,0.0,RP,634,0.00,1221,0,Rich Hill,0,0,0,0,0.00,0,Bos,0.00
0,0.0,RP,635,0.00,1348,0,Peter Moylan,0,0,0,0,0.00,0,Hou,0.00
0,0.0,SP,636,0.00,298,0,Chris Carpenter,0,0,0,0,0.00,0,FA,0.00
0,0.0,SP,637,0.00,2968,0,Cory Luebke,0,0,0,0,0.00,0,SD,0.00
0,0.0,SP,638,0.00,373,0,Ryan Dempster,0,0,0,0,0.00,0,Bos,0.00
0,0.0,SP,639,0.00,567,0,Jake Westbrook,0,0,0,0,0.00,0,FA,0.00
--,--,RP,640,--,65,--,Arthur Rhodes,--,--,--,--,--,--,FA,--
--,--,RP,641,--,73,--,Miguel Batista,--,--,--,--,--,--,FA,--
--,--,RP,642,--,77,--,Russ Springer,--,--,--,--,--,--,Cin,--
--,--,SP,643,--,87,--,Tim Wakefield,--,--,--,--,--,--,Bos,--
--,--,RP,644,--,104,--,Trevor Hoffman,--,--,--,--,--,--,Mil,--
0,0.0,RP,645,0.00,1585,0,Luke Hochevar,0,0,0,0,0.00,0,KC,0.00
--,--,RP,646,--,105,--,Mike Hampton,--,--,--,--,--,--,Ari,--
--,--,RP,647,--,121,--,Julian Tavarez,--,--,--,--,--,--,Wsh,--
--,--,RP,648,--,125,--,Darren Oliver,--,--,--,--,--,--,FA,--
--,--,RP,649,--,143,--,Chan Ho Park,--,--,--,--,--,--,Pit,--
--,--,RP,650,--,163,--,Armando Benitez,--,--,--,--,--,--,Tor,--
--,--,SP,651,--,176,--,Andy Pettitte,--,--,--,--,--,--,NYY,--
--,--,SP,652,--,179,--,Jason Schmidt,--,--,--,--,--,--,LAD,--
--,--,RP,653,--,193,--,Ron Mahay,--,--,--,--,--,--,Cin,--
--,--,RP,654,--,194,--,Mariano Rivera,--,--,--,--,--,--,NYY,--
--,--,RP,655,--,208,--,Jason Isringhausen,--,--,--,--,--,--,FA,--
--,--,SP,656,--,209,--,Jeff Suppan,--,--,--,--,--,--,SD,--
--,--,SP,657,--,215,--,John Wasdin,--,--,--,--,--,--,Pit,--
--,--,RP,658,--,231,--,Billy Wagner,--,--,--,--,--,--,Atl,--
--,--,SP,659,--,232,--,Shawn Estes,--,--,--,--,--,--,SD,--
--,--,RP,660,--,254,--,Elmer Dessens,--,--,--,--,--,--,NYM,--
--,--,RP,661,--,256,--,Danny Graves,--,--,--,--,--,--,Hou,--
--,--,RP,662,--,258,--,Jay Witasick,--,--,--,--,--,--,TB,--
--,--,RP,663,--,276,--,Trever Miller,--,--,--,--,--,--,FA,--
--,--,RP,664,--,281,--,Livan Hernandez,--,--,--,--,--,--,FA,--
--,--,SP,665,--,284,--,Brian Moehler,--,--,--,--,--,--,Hou,--
--,--,RP,666,--,294,--,Glendon Rusch,--,--,--,--,--,--,Col,--
--,--,SP,667,--,299,--,John Thomson,--,--,--,--,--,--,KC,--
--,--,RP,668,--,302,--,Steve Kline,--,--,--,--,--,--,SF,--
--,--,RP,669,--,307,--,Derek Lowe,--,--,--,--,--,--,Tex,--
--,--,RP,670,--,310,--,Keith Foulke,--,--,--,--,--,--,Oak,--
--,--,RP,671,--,311,--,Brett Tomko,--,--,--,--,--,--,Cin,--
--,--,RP,672,--,317,--,Antonio Alfonseca,--,--,--,--,--,--,Phi,--
--,--,SP,673,--,319,--,Jaret Wright,--,--,--,--,--,--,Bal,--
--,--,SP,674,--,320,--,Kelvim Escobar,--,--,--,--,--,--,Mil,--
--,--,RP,675,--,322,--,Dennys Reyes,--,--,--,--,--,--,Bal,--
--,--,SP,676,--,323,--,Kevin Millwood,--,--,--,--,--,--,FA,--
--,--,RP,677,--,326,--,Scott Eyre,--,--,--,--,--,--,Phi,--
--,--,RP,678,--,332,--,Jason Johnson,--,--,--,--,--,--,LAD,--
--,--,SP,679,--,353,--,Eric Milton,--,--,--,--,--,--,LAD,--
--,--,SP,680,--,354,--,Carl Pavano,--,--,--,--,--,--,FA,--
--,--,SP,681,--,355,--,Javier Vazquez,--,--,--,--,--,--,FA,--
--,--,RP,682,--,358,--,Russ Ortiz,--,--,--,--,--,--,LAD,--
--,--,RP,683,--,359,--,Cliff Politte,--,--,--,--,--,--,StL,--
--,--,SP,684,--,360,--,Braden Looper,--,--,--,--,--,--,ChC,--
--,--,RP,685,--,364,--,Kerry Wood,--,--,--,--,--,--,ChC,--
--,--,SP,686,--,365,--,Sidney Ponson,--,--,--,--,--,--,KC,--
--,--,SP,687,--,369,--,Jarrod Washburn,--,--,--,--,--,--,Det,--
--,--,RP,688,--,376,--,Justin Speier,--,--,--,--,--,--,LAA,--
--,--,RP,689,--,381,--,Scott Elarton,--,--,--,--,--,--,Phi,--
--,--,RP,690,--,385,--,Bob Howry,--,--,--,--,--,--,ChC,--
--,--,RP,691,--,390,--,Chad Bradford,--,--,--,--,--,--,TB,--
--,--,RP,692,--,393,--,Tim Byrdak,--,--,--,--,--,--,FA,--
--,--,SP,693,--,397,--,Odalis Perez,--,--,--,--,--,--,Wsh,--
--,--,SP,694,--,401,--,Matt Clement,--,--,--,--,--,--,StL,--
--,--,SP,695,--,415,--,Roy Halladay,--,--,--,--,--,--,FA,--
--,--,SP,696,--,421,--,Jonathan Johnson,--,--,--,--,--,--,Hou,--
--,--,SP,697,--,427,--,Kris Benson,--,--,--,--,--,--,Ari,--
--,--,RP,698,--,430,--,Scott Schoeneweis,--,--,--,--,--,--,Bos,--
--,--,RP,699,--,431,--,Scott Williamson,--,--,--,--,--,--,Bal,--
--,--,SP,700,--,436,--,Joe Mays,--,--,--,--,--,--,Cin,--
--,--,RP,701,--,440,--,Jeff Weaver,--,--,--,--,--,--,LAD,--
--,--,RP,702,--,443,--,Guillermo Mota,--,--,--,--,--,--,KC,--
--,--,SP,703,--,445,--,Ted Lilly,--,--,--,--,--,--,LAD,--
--,--,RP,704,--,446,--,Ryan Franklin,--,--,--,--,--,--,StL,--
--,--,RP,705,--,448,--,Ray King,--,--,--,--,--,--,Wsh,--
--,--,SP,706,--,449,--,Byung-Hyun Kim,--,--,--,--,--,--,SF,--
--,--,RP,707,--,451,--,Dan Kolb,--,--,--,--,--,--,Pit,--
--,--,SP,708,--,457,--,Randy Wolf,--,--,--,--,--,--,Sea,--
--,--,RP,709,--,459,--,Chad Harville,--,--,--,--,--,--,TB,--
--,--,RP,710,--,460,--,Vicente Padilla,--,--,--,--,--,--,FA,--
--,--,RP,711,--,462,--,Damaso Marte,--,--,--,--,--,--,FA,--
--,--,SP,712,--,463,--,Gil Meche,--,--,--,--,--,--,KC,--
--,--,SP,713,--,465,--,Wade Miller,--,--,--,--,--,--,ChC,--
--,--,RP,714,--,467,--,Ken Ray,--,--,--,--,--,--,Col,--
--,--,RP,715,--,468,--,Brad Penny,--,--,--,--,--,--,KC,--
--,--,RP,716,--,470,--,Dave Borkowski,--,--,--,--,--,--,Hou,--
--,--,SP,717,--,472,--,Mark Redman,--,--,--,--,--,--,Col,--
--,--,RP,718,--,473,--,Micah Bowie,--,--,--,--,--,--,Col,--
--,--,RP,719,--,475,--,Luis Vizcaino,--,--,--,--,--,--,Cle,--
--,--,RP,720,--,477,--,B.J. Ryan,--,--,--,--,--,--,Tor,--
--,--,SP,721,--,480,--,Doug Davis,--,--,--,--,--,--,KC,--
--,--,RP,722,--,481,--,Francisco Cordero,--,--,--,--,--,--,Bos,--
--,--,SP,723,--,482,--,Kip Wells,--,--,--,--,--,--,SD,--
--,--,RP,724,--,486,--,David Riske,--,--,--,--,--,--,Bal,--
--,--,RP,725,--,488,--,Scott Strickland,--,--,--,--,--,--,Mia,--
--,--,RP,726,--,490,--,Tony Armas,--,--,--,--,--,--,NYM,--
--,--,SP,727,--,492,--,Ramon Ortiz,--,--,--,--,--,--,FA,--
--,--,RP,728,--,495,--,Buddy Carlyle,--,--,--,--,--,--,Atl,--
--,--,RP,729,--,499,--,Dan Wheeler,--,--,--,--,--,--,KC,--
--,--,RP,730,--,501,--,Jim Brower,--,--,--,--,--,--,NYY,--
--,--,RP,731,--,502,--,Eric Gagne,--,--,--,--,--,--,Mil,--
--,--,RP,732,--,504,--,Matt Riley,--,--,--,--,--,--,LAD,--
--,--,RP,733,--,507,--,Michael Tejera,--,--,--,--,--,--,Bos,--
--,--,RP,734,--,510,--,J.C. Romero,--,--,--,--,--,--,Wsh,--
--,--,RP,735,--,511,--,Lance Carter,--,--,--,--,--,--,Tor,--
--,--,RP,736,--,513,--,Gary Glover,--,--,--,--,--,--,Mia,--
--,--,RP,737,--,514,--,John Bale,--,--,--,--,--,--,Det,--
--,--,RP,738,--,515,--,Chad Durbin,--,--,--,--,--,--,Phi,--
--,--,RP,739,--,516,--,Brian Falkenborg,--,--,--,--,--,--,SD,--
--,--,RP,740,--,522,--,Mark Mulder,--,--,--,--,--,--,LAA,--
--,--,RP,741,--,524,--,Danys Baez,--,--,--,--,--,--,Phi,--
--,--,SP,742,--,525,--,Jon Garland,--,--,--,--,--,--,Col,--
--,--,RP,743,--,540,--,Derrick Turnbow,--,--,--,--,--,--,Mil,--
--,--,SP,744,--,543,--,Rob Bell,--,--,--,--,--,--,Bal,--
--,--,RP,745,--,544,--,Sun-Woo Kim,--,--,--,--,--,--,Cin,--
--,--,RP,746,--,548,--,Aaron Fultz,--,--,--,--,--,--,Cle,--
--,--,RP,747,--,551,--,Kevin Walker,--,--,--,--,--,--,CWS,--
--,--,RP,748,--,552,--,Scott Linebrink,--,--,--,--,--,--,StL,--
--,--,RP,749,--,554,--,Rodrigo Lopez,--,--,--,--,--,--,Phi,--
--,--,SP,750,--,559,--,Adam Eaton,--,--,--,--,--,--,Col,--
